subscriber_id,visits_per_month,visits_per_week,total_visits_quarter,visit_trend_3mo,days_since_last_visit,app_opens_per_month,avg_extra_spend,tenure_months,loyalty_points,visited_cancel_page,distance_from_campus_km,signup_day_of_week,birthday_month,has_profile_photo,phone_os_ios,newsletter_opt_in,referral_count,avg_visit_hour,preferred_cup_size,app_crashes_logged,num_payment_methods,profile_completeness_pct,survey_responses_sent,campus_zone_code,renewed
BM2514,2,0.27,6,-3.22,23,10,10.66,3,4,1,0.61,3,10,1,1,0,0,15.2,1,0,1,43,2,3,0
BM2168,3,0.57,8,3.65,8,8,4.27,3,0,0,1.49,5,12,1,1,1,0,5.8,3,2,3,56,2,4,1
BM2144,3,0.63,12,-0.97,42,21,3.82,2,43,0,3.44,6,9,1,0,1,0,3.8,3,1,2,62,3,4,1
BM2123,7,1.63,20,-3.66,12,10,1.78,4,59,1,2.2,6,3,0,1,0,0,8.7,3,1,3,68,4,5,0
BM2521,7,1.59,20,-1.58,7,15,2.56,2,72,0,1.06,2,3,0,1,1,1,13.1,1,0,2,42,0,1,1
BM2376,14,3.22,42,-1.16,16,23,7.54,5,68,0,1.21,0,8,1,1,0,1,17.5,1,0,1,67,3,3,1
BM2798,13,3.03,37,-1.0,3,13,3.29,2,118,0,3.71,3,10,0,0,1,0,15.2,3,0,2,39,4,4,1
BM2293,14,3.27,42,-2.48,6,29,7.28,7,65,0,0.94,6,8,1,0,1,1,13.9,1,1,2,97,3,4,1
BM2597,3,0.74,9,1.35,10,9,3.68,1,25,0,1.77,5,6,1,1,0,0,12.4,1,2,2,79,0,2,1
BM2576,7,1.63,19,0.62,1,5,5.41,3,71,1,1.22,1,1,0,1,1,1,11.4,3,1,3,71,1,3,0
BM2243,23,5.42,67,5.17,0,41,10.96,3,110,0,3.44,0,1,0,0,0,0,12.5,1,0,3,77,3,5,1
BM2095,7,1.61,22,-2.4,3,11,3.4,4,141,0,8.51,3,1,0,1,1,0,10.5,1,1,1,76,1,2,1
BM2615,6,1.32,21,0.79,38,14,6.81,5,106,0,3.67,0,9,0,0,0,1,17.3,3,2,1,76,2,5,1
BM2788,14,3.39,43,1.94,4,32,3.94,10,111,0,3.79,4,9,1,1,1,0,9.9,2,1,1,55,1,4,1
BM2591,4,1.04,12,2.71,7,4,6.98,7,131,1,1.76,3,1,1,1,0,0,12.1,2,0,3,95,1,3,0
BM2789,8,1.89,22,1.84,14,16,5.9,1,12,0,0.81,2,2,0,0,1,0,15.0,2,0,1,79,0,1,1
BM2311,6,1.51,18,-1.08,51,8,7.59,1,2,1,2.05,2,5,1,1,0,0,9.9,2,0,2,35,0,3,0
BM2202,10,2.11,29,0.88,16,29,8.42,4,57,0,3.02,6,2,0,0,0,1,13.8,2,0,2,88,1,3,1
BM2712,8,1.92,23,-0.34,23,27,3.73,4,53,1,0.45,3,2,1,0,0,1,16.2,2,1,2,93,2,5,0
BM2720,8,1.73,28,-1.86,60,21,10.7,1,56,1,3.07,2,7,0,0,0,1,10.9,2,0,3,98,3,1,0
BM2073,9,1.95,28,1.09,1,24,4.01,4,17,1,0.37,5,4,1,1,1,0,16.9,1,0,1,54,1,2,0
BM2135,16,3.69,48,0.67,47,32,2.56,5,81,1,1.71,1,2,0,1,1,0,14.5,1,0,3,60,0,3,0
BM2026,19,4.42,58,-0.79,1,36,6.48,8,144,0,1.78,1,2,1,1,1,0,15.0,1,1,1,74,2,4,1
BM2552,11,2.59,34,-2.61,10,27,4.56,1,146,1,0.62,0,7,0,1,0,1,17.0,3,0,1,74,3,3,0
BM2405,5,1.15,14,-2.26,8,13,6.3,4,83,0,1.84,5,9,1,1,0,0,14.5,3,0,3,60,1,1,1
BM2317,15,3.49,46,-0.75,6,32,7.08,5,158,0,7.0,1,9,1,0,0,0,9.7,1,0,3,55,1,3,1
BM2513,10,2.29,33,4.03,4,16,3.07,2,90,0,1.18,2,1,1,1,0,1,10.8,1,1,1,35,0,3,1
BM2762,18,4.03,49,1.22,8,41,7.02,2,153,0,1.77,0,4,0,1,1,0,7.8,2,0,2,60,2,3,1
BM2794,11,2.68,31,-1.64,5,26,5.46,6,56,0,4.2,5,11,1,1,0,1,12.2,1,1,1,73,1,2,1
BM2434,10,2.34,30,-1.24,20,6,5.61,4,77,0,1.81,0,3,0,1,1,0,17.2,1,0,1,64,3,1,1
BM2655,11,2.48,34,0.26,2,23,4.05,1,97,0,6.63,3,10,1,1,0,1,14.2,2,1,3,88,0,3,1
BM2574,14,3.18,43,0.83,2,26,12.64,2,105,0,1.22,2,6,1,1,0,0,10.4,1,0,1,43,2,4,1
BM2340,15,3.76,50,2.92,1,26,12.77,8,145,0,1.27,5,5,1,1,1,1,14.8,2,0,1,58,2,1,1
BM2543,19,4.14,60,-1.44,2,40,11.73,3,153,0,2.37,0,10,1,0,0,1,14.1,2,0,1,46,3,1,1
BM2773,11,2.6,33,5.76,7,25,6.91,1,71,0,3.48,1,8,1,0,0,0,9.7,3,2,1,63,2,2,1
BM2479,10,2.39,34,-0.91,5,11,5.95,1,40,0,6.03,6,2,1,0,1,0,10.2,3,2,3,77,2,4,1
BM2298,27,6.34,82,3.59,1,50,7.43,3,236,0,0.64,5,11,1,1,0,2,14.6,2,3,1,70,1,3,1
BM2272,20,4.78,60,2.74,5,37,5.48,1,163,0,3.09,2,9,0,0,1,0,13.8,3,0,3,57,2,3,1
BM2550,2,0.67,6,-0.85,10,10,3.1,1,0,0,4.65,0,9,0,1,0,2,18.6,2,1,3,71,2,3,0
BM2651,12,2.82,38,5.25,8,23,7.82,8,29,0,6.57,3,8,0,1,0,2,9.8,1,0,1,43,0,1,1
BM2087,8,1.9,22,-3.0,10,13,5.44,1,107,1,8.22,4,11,0,1,0,0,8.5,2,1,2,41,4,1,0
BM2129,11,2.59,35,0.26,2,24,10.91,7,64,0,2.73,1,9,0,1,0,0,11.5,2,2,1,68,3,4,1
BM2341,12,2.77,34,0.66,4,31,6.18,6,96,0,2.85,1,12,1,1,0,0,12.4,2,2,2,91,2,1,1
BM2442,4,0.86,11,-1.41,13,3,7.41,2,51,0,0.44,2,6,1,0,0,0,16.2,2,0,2,66,3,3,1
BM2025,8,1.76,25,-2.14,19,16,4.58,14,61,1,2.73,3,5,0,1,0,0,12.8,1,1,1,90,0,4,0
BM2588,17,3.95,51,0.19,1,23,5.17,2,91,0,3.1,3,8,1,1,1,0,13.7,3,1,3,43,1,1,1
BM2339,6,1.46,15,0.66,10,17,9.91,6,52,1,1.69,2,6,0,0,1,0,19.6,3,0,2,73,0,3,0
BM2179,10,2.3,29,-2.98,3,20,5.22,2,76,0,3.14,2,10,1,0,0,1,17.5,1,0,1,95,2,2,1
BM2353,5,1.28,16,4.52,21,25,3.71,2,56,1,2.76,2,4,0,0,0,1,7.6,1,1,1,62,2,2,0
BM2786,15,3.3,43,1.03,3,26,4.81,6,158,0,0.98,2,5,1,1,1,0,12.6,1,0,3,54,2,3,1
BM2631,11,2.36,32,-0.95,12,21,5.45,6,15,0,3.26,3,12,1,0,0,1,10.9,3,1,2,63,1,5,1
BM2092,24,5.51,74,0.21,7,43,4.54,5,221,0,4.45,1,9,0,0,1,0,12.3,2,1,3,36,2,5,1
BM2046,4,0.9,9,-5.87,29,12,13.09,6,0,1,1.91,3,7,0,0,0,0,11.4,2,0,2,72,3,3,0
BM2307,7,1.66,24,3.35,3,17,5.61,4,61,0,6.47,2,12,0,1,1,0,15.7,3,0,3,85,7,2,1
BM2700,16,3.75,44,0.06,5,30,12.55,13,96,0,6.15,6,9,1,1,1,1,8.9,1,0,1,97,1,2,1
BM2649,10,2.37,28,2.23,34,25,7.71,4,82,1,3.33,0,10,1,1,0,0,19.1,1,2,1,78,2,4,0
BM2398,9,1.96,25,-0.79,5,20,3.52,5,0,0,5.83,3,9,1,1,1,0,13.7,1,2,3,55,4,3,1
BM2177,19,4.43,56,1.52,5,32,4.76,3,73,0,0.24,4,3,1,1,0,0,9.5,1,0,1,94,0,4,1
BM2759,3,0.71,7,0.26,28,5,2.98,2,17,1,0.59,4,8,1,1,0,0,8.1,2,0,1,93,1,3,0
BM2499,9,2.14,26,1.08,0,20,9.52,7,53,1,0.48,4,1,1,0,1,0,6.7,3,2,2,83,3,1,0
BM2448,11,2.51,33,0.75,1,28,3.64,3,98,0,2.21,4,6,1,0,0,0,12.5,3,1,1,56,0,1,1
BM2295,14,3.28,44,-0.38,4,23,5.22,3,118,0,5.13,5,3,1,0,1,0,15.3,3,0,3,53,1,2,1
BM2464,12,2.77,34,-4.16,1,23,2.28,6,98,0,1.35,2,4,1,0,0,0,8.6,2,1,3,46,1,3,1
BM2595,18,4.07,53,2.32,17,25,6.16,3,132,0,1.97,0,5,1,1,0,0,12.4,1,0,2,63,2,5,1
BM2265,13,3.1,36,-0.93,0,29,4.57,3,170,0,4.78,5,3,1,1,0,0,12.9,3,0,1,65,0,5,1
BM2221,12,2.81,35,-2.38,2,19,9.31,4,45,0,1.51,4,12,1,1,0,1,15.5,2,0,2,79,2,5,1
BM2730,16,3.69,46,-1.24,5,32,17.82,11,192,0,3.82,1,4,1,1,0,0,9.6,3,1,2,60,3,1,0
BM2063,14,3.13,43,-0.13,9,29,4.8,6,143,0,1.51,2,12,1,0,1,0,12.1,2,1,1,73,1,1,1
BM2171,5,1.06,13,-1.98,59,10,2.21,5,61,1,2.97,4,11,1,0,0,0,12.0,2,1,2,29,2,2,0
BM2635,8,1.82,24,-1.46,5,21,3.18,1,0,0,1.11,4,11,0,0,0,0,19.2,2,0,1,91,1,2,1
BM2324,9,2.18,26,0.76,1,31,3.48,7,79,0,2.4,3,1,1,1,0,1,12.9,2,0,2,68,4,3,1
BM2610,8,1.75,26,2.06,3,16,3.37,7,45,0,10.31,4,5,1,1,0,0,12.2,3,1,2,78,3,1,1
BM2746,6,1.34,16,-2.2,2,20,1.39,8,4,0,2.34,5,9,0,0,1,0,10.9,2,3,1,63,4,1,1
BM2641,18,4.09,51,-1.09,11,36,8.1,6,128,0,1.89,4,3,0,0,0,0,12.8,1,1,1,80,2,4,1
BM2325,9,2.13,26,-1.64,20,12,8.11,3,113,0,2.58,1,6,0,0,1,0,13.3,1,2,2,86,3,2,1
BM2268,7,1.73,23,-0.39,26,15,4.98,4,90,1,1.99,5,1,1,1,0,0,13.2,1,0,2,75,1,1,0
BM2183,4,0.9,9,-0.4,29,19,1.28,3,0,1,0.64,4,10,0,1,0,0,6.4,3,0,1,65,0,2,0
BM2158,12,2.64,33,-4.84,2,25,6.08,15,126,0,1.77,1,6,1,0,0,0,12.8,3,1,1,83,4,1,0
BM2253,18,4.06,53,-0.46,1,42,6.16,2,146,0,1.65,6,1,1,0,1,0,14.2,3,0,1,83,4,3,1
BM2569,8,1.58,26,2.5,0,14,3.54,2,110,0,8.71,2,5,1,1,1,0,5.0,1,1,3,57,1,2,1
BM2060,22,5.08,68,-1.8,0,34,8.05,3,259,0,3.43,4,2,0,0,1,0,13.6,2,0,3,46,3,1,1
BM2096,20,4.57,56,-1.78,1,40,3.75,1,169,0,2.92,2,8,1,1,0,1,17.3,1,0,2,83,0,2,1
BM2039,10,2.35,33,3.03,21,13,2.75,5,54,0,1.73,3,5,0,1,0,1,8.1,1,1,2,72,0,4,1
BM2492,6,1.56,16,-2.36,6,14,8.76,9,83,1,0.79,2,10,1,1,0,0,7.1,3,0,3,32,5,1,0
BM2643,5,1.09,18,-1.58,10,9,2.35,9,0,0,1.63,1,10,1,1,1,1,12.4,1,0,2,67,3,1,1
BM2188,2,0.33,4,-1.74,2,4,3.72,3,24,0,0.6,1,6,0,0,0,1,11.9,2,0,1,17,2,3,1
BM2169,4,0.85,14,-2.52,15,12,6.64,1,40,1,2.75,4,11,1,1,1,1,11.9,2,0,1,61,1,5,0
BM2736,21,4.78,63,-4.0,5,39,7.54,6,214,0,0.98,0,11,1,1,0,1,11.4,1,2,3,78,1,4,1
BM2066,18,4.27,53,2.66,5,35,5.8,2,146,0,0.92,5,1,0,1,0,0,14.7,2,0,2,40,2,3,1
BM2394,21,4.66,62,0.77,0,35,5.41,2,144,0,4.19,4,7,1,0,1,1,9.4,1,0,3,66,0,2,1
BM2121,14,3.1,41,-3.97,17,29,7.17,1,107,1,7.53,0,9,0,0,1,0,9.9,1,1,2,96,2,1,0
BM2402,11,2.56,29,0.84,14,18,3.62,2,161,0,0.98,4,8,0,0,1,1,12.7,3,0,1,75,0,1,1
BM2232,8,1.98,23,-1.92,3,9,3.7,1,106,0,1.4,3,9,1,1,0,0,15.4,3,0,2,84,1,1,1
BM2766,14,3.28,41,-1.03,4,29,4.46,5,126,0,4.36,0,11,0,0,0,1,16.1,3,1,1,88,0,2,1
BM2724,16,3.86,48,2.7,1,31,5.06,2,124,0,3.7,5,9,1,0,0,1,9.0,2,0,1,46,3,5,1
BM2247,7,1.44,20,-2.81,18,20,6.05,7,208,0,1.96,5,5,1,1,1,1,15.7,1,0,1,74,1,3,1
BM2397,8,1.92,19,-0.97,17,19,4.14,8,73,0,3.68,5,6,0,1,1,0,11.8,3,1,3,98,3,1,1
BM2411,12,2.96,38,-0.91,13,24,8.56,3,92,0,0.92,6,5,1,0,1,0,12.7,1,1,1,50,2,1,1
BM2586,5,1.0,13,3.37,24,12,9.18,8,9,1,1.06,3,7,1,0,1,1,11.7,1,1,1,74,1,3,0
BM2271,10,2.28,26,-1.42,0,21,1.98,3,100,0,5.78,4,10,0,1,0,2,12.0,2,0,2,78,0,5,1
BM2645,18,4.11,53,-0.97,5,36,5.57,3,120,0,7.69,5,8,1,1,0,0,10.1,1,4,1,89,3,3,1
BM2239,17,3.96,54,1.05,10,43,3.26,5,109,0,2.73,4,12,1,1,0,1,11.1,2,0,1,54,1,2,1
BM2334,23,5.46,67,-1.02,3,35,6.5,3,155,0,0.62,3,11,0,0,1,0,10.5,1,0,3,53,3,2,1
BM2259,6,1.31,15,-1.09,0,14,7.59,4,70,1,5.04,0,11,0,1,1,1,15.8,1,0,1,100,0,4,0
BM2544,27,6.38,80,0.54,2,51,4.56,3,239,0,2.09,0,2,1,1,0,0,14.4,3,0,1,83,3,2,1
BM2565,6,1.31,16,-0.29,10,20,6.76,8,57,1,2.83,4,3,1,1,1,2,12.8,3,1,1,54,1,4,0
BM2289,3,0.69,10,-2.25,17,6,2.42,4,24,1,0.77,0,12,0,0,0,0,13.6,1,0,1,78,5,1,0
BM2299,3,0.73,8,1.67,12,10,5.34,7,5,1,1.88,1,1,0,0,0,0,13.1,1,1,3,75,0,2,0
BM2278,12,3.03,35,-0.94,0,15,2.51,4,59,1,2.89,4,8,1,1,0,2,12.0,3,2,3,40,2,3,0
BM2143,6,1.4,16,0.42,11,26,13.59,9,25,0,1.37,2,4,1,1,1,2,13.9,1,0,2,86,4,1,1
BM2749,8,1.92,24,-1.51,12,12,5.41,3,172,0,0.86,0,6,0,0,0,1,16.7,1,2,2,60,2,1,1
BM2361,9,2.04,25,-2.89,3,17,3.53,2,154,1,5.07,0,10,1,1,0,0,8.0,2,0,1,74,0,1,0
BM2674,15,3.54,47,-2.5,1,24,5.92,1,95,0,4.38,0,6,0,1,0,0,11.8,1,0,1,87,5,5,1
BM2331,7,1.6,25,0.53,11,6,4.66,4,120,0,2.74,1,2,0,1,0,0,13.3,3,0,3,61,2,4,1
BM2433,17,3.9,55,-0.09,3,39,7.11,12,223,1,0.03,2,12,1,1,0,0,7.4,2,2,3,44,1,3,0
BM2508,10,2.11,31,2.75,4,11,6.34,4,74,0,2.3,0,5,0,0,1,0,9.9,1,1,2,67,2,5,1
BM2217,4,0.91,12,-2.61,35,11,13.84,4,74,1,2.77,5,4,1,1,1,0,12.9,2,0,3,94,0,1,0
BM2011,17,3.9,52,-0.85,5,28,3.89,8,139,0,3.95,3,6,1,0,1,0,17.1,2,1,1,55,2,5,1
BM2593,10,2.26,29,0.33,6,18,13.02,4,48,0,2.98,5,8,1,0,1,0,11.1,2,2,1,58,2,5,1
BM2799,17,3.92,51,-0.98,1,27,4.92,1,165,0,5.28,4,9,1,1,0,0,14.1,2,1,3,36,0,4,1
BM2517,6,1.22,18,-2.44,2,2,4.18,1,90,1,3.84,3,5,1,0,1,0,11.3,1,0,2,66,0,1,0
BM2726,13,2.93,40,1.77,7,23,11.38,4,64,0,3.11,4,1,0,1,0,0,14.1,3,0,1,66,2,3,1
BM2769,5,1.48,14,0.15,5,6,1.58,4,38,1,2.39,2,6,0,1,0,1,14.0,1,2,2,67,2,2,0
BM2538,21,5.03,61,5.15,3,38,3.37,10,206,0,2.83,2,2,1,1,0,0,13.2,2,0,2,54,2,1,1
BM2148,9,2.11,28,-0.67,24,12,9.36,8,61,0,3.7,3,10,0,1,0,0,12.4,1,1,3,69,1,1,1
BM2257,6,1.36,20,0.79,4,8,2.61,1,66,0,6.17,0,12,0,1,1,0,12.5,1,2,3,33,3,3,1
BM2617,12,3.0,35,-2.83,10,24,6.93,1,94,1,8.06,5,8,1,0,1,1,12.6,2,0,2,97,2,5,0
BM2413,19,4.23,61,2.55,5,40,6.62,3,137,0,0.53,2,11,1,0,1,0,11.5,2,1,3,95,3,4,1
BM2164,9,2.11,26,0.2,13,24,3.64,3,29,1,2.87,6,3,1,0,0,0,15.1,3,0,2,97,3,1,0
BM2022,7,1.7,21,4.51,17,19,2.26,2,70,0,2.03,1,2,1,1,1,0,11.2,3,2,3,93,3,1,1
BM2525,10,2.41,29,-2.42,8,15,6.17,6,113,1,4.91,3,4,1,0,0,2,19.3,1,0,1,62,1,2,0
BM2612,16,3.63,43,-0.59,2,31,13.74,5,96,0,4.06,3,7,1,0,1,1,11.9,3,1,1,68,4,1,1
BM2107,10,2.38,32,-1.83,10,21,3.67,4,51,0,3.76,0,11,0,0,0,0,16.0,1,0,1,73,2,1,1
BM2531,11,2.63,35,-3.12,18,16,7.03,2,158,0,1.35,5,12,0,0,1,0,18.3,2,2,2,61,1,5,1
BM2796,29,6.69,81,-0.48,2,49,6.83,6,211,0,1.84,5,2,1,0,1,0,17.6,2,0,2,76,2,2,1
BM2006,14,3.24,40,1.95,11,28,3.72,4,122,0,4.29,3,11,1,0,0,1,12.3,3,0,1,85,4,5,1
BM2214,8,1.82,23,-0.39,36,18,4.93,1,12,0,0.98,5,10,0,0,0,1,12.6,3,1,1,86,2,1,1
BM2463,13,3.07,41,-1.75,24,30,2.98,3,53,0,1.2,6,3,1,1,0,0,7.7,2,1,1,89,1,2,1
BM2240,12,2.67,39,-1.63,8,34,9.13,2,75,0,0.71,1,1,0,1,0,0,11.4,2,0,3,71,2,2,1
BM2656,17,3.77,54,-1.89,8,31,5.96,3,152,0,1.25,1,9,1,1,1,0,12.6,3,1,1,78,2,3,1
BM2300,6,1.35,17,-3.18,9,20,14.45,3,68,1,5.7,6,6,0,1,0,0,14.5,3,1,3,74,1,5,0
BM2187,14,3.3,42,-1.44,5,27,4.35,2,158,0,0.69,0,6,0,1,0,0,12.9,2,1,3,72,0,4,1
BM2738,15,3.44,41,0.02,11,32,6.87,2,185,0,3.67,4,3,1,1,0,2,12.2,1,0,3,81,2,4,1
BM2274,6,1.37,16,0.76,17,20,3.79,4,151,0,3.67,4,11,1,0,1,0,13.1,3,1,3,54,3,3,1
BM2069,4,1.22,12,-2.22,36,19,3.79,6,1,1,4.25,2,7,1,1,1,0,6.4,1,0,1,96,1,2,0
BM2567,14,3.31,40,0.51,5,22,3.13,2,36,0,1.69,4,12,1,0,0,1,13.0,2,0,1,43,2,4,1
BM2002,17,3.74,52,-3.87,8,42,10.53,4,194,0,0.65,4,4,0,0,0,0,14.5,1,2,2,56,0,4,1
BM2553,14,3.35,43,-2.33,7,34,2.86,2,109,0,0.65,2,6,0,1,1,0,9.6,1,0,1,73,4,2,1
BM2589,23,5.37,69,4.17,2,36,12.86,5,123,0,1.21,3,4,0,0,0,1,13.1,1,1,1,65,1,2,1
BM2128,22,5.23,67,2.31,11,36,8.55,1,207,0,0.58,2,2,0,1,0,1,13.7,2,0,1,95,5,2,1
BM2764,13,2.87,39,-1.76,6,14,5.8,5,115,0,0.88,0,4,1,0,0,0,6.6,3,0,3,56,3,2,1
BM2725,11,2.38,34,0.02,13,34,7.01,5,85,0,2.22,6,4,1,0,1,0,10.6,2,1,2,91,3,1,1
BM2425,6,1.39,19,0.46,43,11,9.05,6,108,0,2.93,4,1,0,1,0,0,13.6,3,2,2,81,3,5,1
BM2475,12,3.01,38,-1.17,13,19,15.52,5,70,1,9.85,5,3,1,1,1,0,12.4,3,2,1,53,4,3,0
BM2033,18,4.17,57,1.91,5,31,3.66,3,152,0,5.06,4,5,0,1,1,0,13.3,1,0,1,67,0,5,1
BM2532,17,3.84,49,-3.0,4,40,6.19,2,115,0,2.67,2,5,1,1,1,0,15.9,3,2,3,64,3,2,1
BM2344,7,1.47,20,-2.42,3,10,6.38,5,106,0,3.3,4,12,0,0,0,0,15.8,2,1,2,93,2,2,1
BM2082,12,2.71,40,0.97,4,18,3.53,3,135,0,2.16,5,2,1,1,0,2,11.4,2,1,1,80,1,1,1
BM2774,9,2.13,30,-0.66,14,20,2.49,4,81,0,4.13,4,1,1,0,0,0,14.6,1,0,2,93,0,3,0
BM2399,15,3.43,45,-0.15,1,25,6.25,1,146,0,1.14,4,3,1,1,0,0,7.7,1,0,3,58,0,3,1
BM2153,21,5.19,66,0.47,8,31,16.94,2,235,0,2.77,5,3,0,1,1,0,17.5,1,0,3,62,2,3,1
BM2483,18,4.16,52,-2.74,4,27,5.28,4,144,0,5.12,1,3,1,1,1,0,10.1,3,0,3,90,1,4,1
BM2349,18,4.28,55,0.76,2,33,7.31,3,188,0,2.53,4,2,1,1,1,0,14.7,3,1,2,80,3,5,1
BM2120,9,2.46,28,0.45,11,22,4.27,1,6,0,3.57,1,4,1,0,0,0,11.2,2,1,1,75,2,4,1
BM2689,10,2.38,32,-0.53,17,19,2.8,3,58,1,0.44,6,1,1,0,1,0,15.9,1,1,1,73,3,3,0
BM2739,30,6.83,91,-2.51,15,45,9.06,6,237,0,2.29,1,3,1,1,1,0,12.3,1,0,3,53,0,2,1
BM2070,10,2.3,33,-0.09,35,27,6.85,6,103,0,3.46,4,9,1,1,0,0,12.8,2,2,1,65,3,1,1
BM2708,13,3.04,39,-1.26,2,29,6.88,1,152,0,2.47,2,7,1,1,1,1,10.4,3,1,2,69,4,4,1
BM2088,16,3.62,54,-1.87,7,33,4.06,2,153,0,3.21,0,7,1,1,0,0,13.1,1,0,2,75,0,4,1
BM2424,6,1.44,19,-2.97,8,8,4.26,2,57,0,2.3,6,1,1,0,1,1,6.7,3,0,2,100,1,4,1
BM2721,15,3.54,45,-0.84,13,31,11.83,1,105,0,3.87,2,7,1,0,1,0,10.6,2,0,2,44,2,3,1
BM2329,15,3.66,47,-1.1,2,9,6.0,1,101,0,3.06,6,11,0,1,0,0,15.4,3,1,1,60,4,3,1
BM2346,13,3.02,42,0.0,1,33,8.92,5,90,0,2.93,5,7,1,1,1,1,7.6,2,0,2,51,5,1,1
BM2627,15,3.5,44,2.32,5,28,6.24,3,137,0,1.52,1,10,1,1,0,0,13.6,3,0,2,61,2,2,1
BM2679,5,1.12,16,-0.62,14,2,6.62,7,5,1,1.13,3,4,1,0,0,0,11.4,3,0,1,69,1,3,0
BM2057,23,5.43,68,1.16,1,39,7.44,3,183,0,8.86,4,4,1,1,1,1,12.5,3,0,1,60,3,2,1
BM2117,16,3.55,48,5.42,3,33,8.87,5,79,0,4.76,3,3,0,1,0,0,12.9,1,1,1,76,0,3,1
BM2093,11,2.55,37,4.53,3,25,11.03,9,162,0,2.77,1,9,1,1,1,0,12.8,3,2,3,86,2,4,1
BM2447,5,1.21,14,0.33,1,14,2.78,2,36,0,3.22,1,3,1,1,1,2,13.5,3,0,3,60,0,3,1
BM2074,10,2.26,28,-0.7,8,16,3.3,3,0,0,1.78,5,6,1,1,1,1,8.3,3,1,3,74,1,3,1
BM2568,29,6.75,87,-2.25,1,58,17.66,1,231,0,0.55,3,11,0,1,1,0,16.8,1,1,1,73,1,2,1
BM2191,23,5.35,70,0.67,2,46,10.44,4,103,0,2.07,4,9,0,0,1,2,11.9,1,0,2,86,0,5,1
BM2201,12,2.8,36,0.95,5,26,5.21,13,123,0,3.47,6,4,1,0,1,0,10.9,1,0,3,93,1,1,1
BM2423,11,2.47,36,-0.62,9,21,6.41,4,95,0,8.04,5,6,1,0,0,1,12.4,3,1,2,72,1,2,1
BM2477,13,3.08,41,0.83,24,20,5.47,3,118,0,1.03,5,8,1,0,0,2,14.9,2,1,3,100,1,4,1
BM2658,5,1.03,17,-1.05,2,13,1.6,4,96,1,0.03,6,6,0,0,1,1,16.2,3,0,2,52,1,1,0
BM2255,9,1.86,27,3.01,7,14,4.46,4,104,0,0.49,3,2,1,0,0,1,12.6,1,1,2,53,2,2,1
BM2454,7,1.56,18,-2.6,3,6,5.34,2,40,1,8.22,5,2,1,0,1,0,14.7,3,1,3,68,2,2,0
BM2456,2,0.48,5,0.68,11,6,2.07,3,7,0,1.19,1,10,0,1,1,0,17.1,1,1,2,53,1,5,1
BM2150,8,1.71,23,-2.62,3,17,7.76,3,30,0,2.16,5,6,1,1,0,0,13.9,2,0,2,69,2,5,1
BM2474,25,5.59,79,0.27,2,45,5.64,2,233,0,3.11,3,8,0,1,0,0,15.7,1,0,1,86,1,4,1
BM2210,11,2.41,32,-3.24,5,26,3.2,2,87,0,6.87,2,11,1,1,0,0,14.3,1,0,3,64,1,2,1
BM2180,3,0.64,9,-1.34,10,11,2.66,6,38,0,0.48,3,10,1,1,1,0,13.2,2,0,2,59,5,2,1
BM2691,9,2.01,27,0.7,14,10,4.31,6,28,1,2.61,0,9,0,0,1,0,14.6,1,1,1,66,2,5,0
BM2634,7,1.75,21,1.78,3,16,3.16,9,93,0,0.73,1,3,1,1,0,1,12.2,1,2,3,54,1,3,0
BM2772,14,3.25,43,-4.03,5,29,5.57,6,137,0,3.56,0,8,1,1,1,0,14.2,3,1,3,57,1,3,1
BM2566,8,1.74,22,2.97,3,21,5.16,2,0,0,5.59,1,6,1,0,0,0,12.4,1,0,1,68,0,3,1
BM2548,22,5.01,66,-2.04,18,41,9.28,2,175,0,2.19,4,5,1,0,0,0,11.6,2,1,3,60,1,1,1
BM2485,13,3.02,39,-1.6,1,29,5.04,7,111,0,1.18,3,6,1,1,0,1,11.5,1,0,1,69,1,5,1
BM2622,10,2.16,32,-0.14,36,20,4.67,1,20,1,3.44,3,1,1,0,0,0,15.7,2,1,3,86,1,5,0
BM2297,7,1.64,19,0.18,4,11,3.79,3,65,0,3.92,0,2,1,0,0,0,13.7,3,1,3,54,2,5,1
BM2600,14,3.41,43,-1.9,12,26,8.64,5,68,0,0.59,0,9,0,1,1,0,12.2,2,1,2,53,0,1,1
BM2743,26,6.02,78,2.44,5,47,7.84,2,191,0,0.95,3,9,0,0,1,1,15.6,1,0,1,66,7,3,1
BM2497,8,1.77,25,2.81,1,23,5.68,1,52,0,3.79,2,5,1,0,1,1,13.3,1,0,3,73,0,3,1
BM2351,9,1.96,28,-2.72,0,12,6.71,4,70,1,0.66,3,8,1,0,0,1,10.1,2,1,3,97,0,1,0
BM2021,20,4.77,60,3.87,0,31,5.77,2,213,0,1.88,1,7,1,1,0,1,16.8,1,2,1,63,1,4,1
BM2729,30,6.93,89,2.01,5,47,8.32,2,206,0,1.92,4,12,1,0,0,0,15.0,1,0,2,100,2,1,1
BM2056,16,3.7,52,-3.32,0,30,5.33,8,106,0,2.96,6,3,1,0,0,0,8.3,3,0,3,68,1,2,0
BM2668,5,1.07,18,-0.28,17,7,4.32,2,68,0,1.32,5,8,1,0,1,0,12.7,3,1,3,100,1,4,1
BM2118,13,2.89,40,5.18,4,21,14.18,8,82,0,2.45,4,12,0,1,0,2,13.3,2,1,2,66,1,3,1
BM2753,12,2.65,36,2.09,9,27,7.5,1,176,1,1.93,5,6,1,1,0,0,11.1,3,0,3,78,1,1,0
BM2654,11,2.74,32,-2.02,8,32,9.73,3,104,0,2.44,1,3,1,1,1,0,5.8,1,1,3,67,0,4,1
BM2778,8,2.01,20,-0.24,21,13,3.8,1,81,1,3.34,0,12,0,1,0,1,11.5,3,1,2,65,2,2,0
BM2522,8,1.79,32,2.53,3,27,8.42,4,45,0,5.46,3,8,1,0,0,0,10.4,2,2,1,42,1,5,1
BM2097,14,3.2,38,-0.26,4,28,10.6,7,103,0,2.17,4,5,0,1,1,1,9.1,3,0,3,85,1,5,1
BM2613,12,2.92,34,-0.0,10,24,8.45,4,123,0,2.39,2,9,1,0,1,0,14.2,1,2,1,26,2,1,1
BM2449,8,1.91,26,-0.21,30,21,5.41,7,81,0,0.49,2,5,1,0,0,1,12.3,2,0,1,56,2,4,1
BM2537,7,1.61,18,1.42,12,14,16.31,3,0,0,3.13,0,2,0,0,0,0,20.1,3,0,3,77,1,5,1
BM2316,17,3.95,52,0.06,6,25,3.55,4,132,0,1.82,4,9,0,1,1,2,10.8,1,2,3,95,1,1,1
BM2430,16,3.84,47,1.61,3,25,5.27,6,145,1,1.59,2,4,1,1,1,0,11.0,3,0,1,44,2,4,1
BM2432,18,3.94,57,-0.01,7,32,5.18,5,153,0,0.88,1,12,1,0,0,0,15.4,2,2,2,93,4,2,1
BM2530,3,0.6,9,-2.27,1,13,12.99,8,17,0,0.72,6,3,1,0,0,2,13.0,3,0,1,77,4,4,1
BM2155,8,1.9,22,-1.19,9,13,3.17,7,43,0,2.31,3,7,1,1,0,0,10.4,3,0,2,76,3,5,1
BM2127,7,1.45,18,-1.48,0,15,2.47,1,6,0,3.29,5,12,1,0,1,0,9.2,2,0,2,81,2,1,1
BM2676,12,3.04,36,2.81,1,22,4.46,4,85,0,2.14,2,8,1,0,0,1,15.6,3,1,2,61,0,4,1
BM2390,18,4.24,52,-0.17,7,34,5.49,3,75,0,2.85,3,3,0,0,1,1,14.4,1,2,1,84,1,4,1
BM2207,11,2.54,32,-1.04,0,20,2.7,2,49,0,5.17,1,12,0,1,0,0,16.9,1,1,3,50,0,2,1
BM2503,4,0.81,12,1.47,1,10,3.23,3,80,0,4.46,2,7,1,1,0,1,10.0,3,0,3,47,2,2,1
BM2049,6,1.49,22,3.9,0,19,1.37,5,7,0,0.83,0,6,1,0,1,0,11.4,3,1,2,47,3,1,1
BM2309,9,2.21,29,-1.22,0,18,6.03,2,23,0,0.78,1,4,0,1,0,0,9.4,1,0,2,92,0,2,1
BM2250,3,0.68,9,-0.45,2,4,2.36,1,107,0,1.59,6,3,1,1,0,0,4.4,3,0,1,57,3,1,1
BM2292,7,1.81,24,0.82,10,21,3.24,6,81,1,1.25,0,5,1,0,0,0,8.8,3,0,3,64,4,2,0
BM2472,9,2.08,29,-1.4,6,10,2.5,4,84,0,0.95,5,2,0,1,0,0,11.1,3,1,2,75,3,2,1
BM2258,22,5.21,66,-2.96,0,41,5.65,1,242,0,1.34,1,8,0,1,0,0,7.4,2,0,2,71,1,4,1
BM2476,7,1.58,20,3.31,19,22,3.8,1,126,1,3.06,3,10,1,1,1,0,10.8,2,0,2,77,1,1,0
BM2020,3,0.49,9,5.01,3,11,4.31,3,49,0,0.88,3,6,1,1,0,1,13.6,1,0,2,75,3,1,1
BM2104,20,4.6,61,1.39,3,37,5.64,6,186,0,1.22,3,5,1,0,1,0,8.9,1,0,1,100,2,5,1
BM2282,19,4.28,56,1.3,5,35,3.68,5,139,0,0.6,6,6,1,1,0,0,14.7,3,1,2,60,3,1,1
BM2540,4,0.88,14,0.12,5,10,12.44,2,48,1,1.79,4,5,1,0,0,0,17.1,1,0,3,63,4,4,0
BM2220,8,1.76,26,-1.24,4,12,3.55,2,99,1,1.51,0,5,0,0,0,1,6.8,3,0,1,36,5,4,0
BM2149,10,2.48,30,-3.53,7,23,8.79,9,89,0,2.64,3,5,1,1,0,0,7.6,2,0,1,83,4,3,1
BM2545,7,1.52,22,-0.54,18,8,4.44,8,55,0,1.91,0,4,1,0,0,0,11.9,3,3,3,64,2,2,1
BM2601,7,1.5,22,3.41,8,15,4.13,4,65,1,8.11,3,4,0,1,1,0,14.8,2,2,3,72,3,2,0
BM2004,7,1.61,19,-2.95,4,11,5.04,6,10,0,6.81,1,1,0,0,1,2,10.4,3,0,2,57,0,3,1
BM2519,11,2.72,35,-3.72,3,30,5.37,7,75,0,3.94,4,3,1,1,0,1,15.8,3,0,2,69,1,3,1
BM2355,9,1.95,25,0.69,8,22,2.65,1,83,1,6.54,2,7,0,1,0,0,13.2,1,2,2,51,2,2,0
BM2223,11,2.35,39,4.51,3,22,3.76,7,107,0,0.78,0,5,0,1,0,0,21.2,2,0,3,60,2,1,1
BM2665,14,3.12,39,0.84,2,17,4.55,5,151,0,2.72,6,5,1,1,0,0,12.6,1,0,2,40,2,5,1
BM2602,4,1.01,9,-3.29,12,8,14.86,1,42,0,10.91,2,12,1,1,1,0,9.7,2,0,2,82,2,4,1
BM2722,4,0.87,13,0.36,7,9,1.51,9,0,1,2.5,4,6,1,0,0,1,12.0,3,0,3,64,1,1,0
BM2137,27,6.06,82,1.91,4,54,7.44,3,193,0,3.74,4,9,1,1,0,2,12.6,1,0,1,74,2,2,1
BM2306,15,3.37,49,-8.07,3,36,3.43,6,49,1,7.12,3,11,0,0,1,0,15.9,2,1,2,84,1,4,0
BM2109,6,1.2,17,-1.53,11,16,7.43,4,94,1,2.73,6,7,1,1,0,1,10.7,3,1,1,73,1,4,0
BM2453,30,7.03,86,2.89,7,48,10.11,13,234,0,1.44,5,1,1,0,0,0,13.4,1,0,2,100,3,2,1
BM2488,22,5.02,61,0.5,5,36,9.64,2,183,0,5.23,1,8,0,1,1,0,15.1,1,2,2,38,2,4,1
BM2554,4,0.79,15,1.3,9,8,2.7,7,7,0,2.21,4,7,0,1,1,0,8.5,3,1,1,80,5,1,1
BM2369,21,4.85,66,0.31,6,34,5.74,2,176,0,5.88,3,8,0,1,0,0,12.1,3,0,1,100,1,2,1
BM2205,19,4.49,54,-0.23,1,37,8.07,5,159,0,1.04,6,2,1,0,0,0,11.8,3,1,1,72,2,1,1
BM2742,5,1.25,13,-5.51,15,4,16.02,3,22,0,1.37,6,1,0,1,0,0,11.8,3,0,2,74,0,1,0
BM2646,9,1.84,31,-0.32,43,11,2.39,6,133,1,5.18,2,9,1,0,1,1,14.1,2,0,2,68,2,5,0
BM2556,7,1.55,20,4.97,50,15,1.77,3,18,0,3.34,3,7,1,1,0,0,13.5,3,1,1,81,0,4,1
BM2787,12,2.62,37,-1.03,4,26,2.03,2,73,0,1.35,4,2,1,0,0,1,7.6,2,3,2,87,1,4,1
BM2061,12,2.62,37,3.88,16,18,6.18,4,59,0,0.56,1,12,1,1,1,0,14.7,1,1,3,64,1,3,1
BM2682,9,2.09,28,-2.66,28,12,3.28,2,50,0,1.34,6,8,0,1,0,0,14.6,1,2,2,25,3,1,1
BM2480,5,1.52,17,-0.68,30,10,15.78,7,38,1,6.19,5,11,0,1,1,0,11.5,2,0,3,91,2,4,0
BM2083,4,1.02,10,1.49,0,19,4.39,4,0,0,0.54,5,7,0,0,1,0,12.2,2,1,2,94,3,4,1
BM2124,10,2.34,29,1.11,4,14,9.26,6,103,0,2.88,0,1,0,1,1,0,9.3,1,2,1,63,3,3,1
BM2594,9,2.2,28,-5.68,1,22,9.82,1,52,1,1.03,2,2,0,0,0,1,9.8,2,1,1,60,3,5,0
BM2392,2,0.25,7,-0.35,3,7,1.69,1,40,1,2.19,4,9,1,1,1,1,14.4,3,0,1,78,3,2,0
BM2077,7,1.69,19,-1.16,18,18,8.39,4,76,0,5.39,6,1,0,0,1,0,12.4,2,0,2,53,2,1,0
BM2184,21,4.95,67,5.58,1,39,3.8,8,225,0,4.63,3,9,1,0,1,2,11.8,3,1,1,93,3,2,1
BM2407,14,3.33,41,-2.21,1,32,6.21,4,147,0,2.04,0,9,1,1,0,0,14.1,3,1,1,98,4,1,1
BM2473,12,2.62,36,1.26,11,29,4.32,8,85,0,3.85,0,6,1,0,0,0,15.7,1,0,3,75,4,3,1
BM2677,13,3.14,40,-0.85,1,26,5.07,8,60,0,0.7,1,8,0,1,0,0,10.6,3,0,2,66,1,3,1
BM2165,8,1.94,23,-1.82,1,22,5.79,2,88,0,1.58,1,11,1,1,1,1,21.1,2,0,2,76,2,5,1
BM2731,5,1.06,15,1.31,16,14,5.9,8,33,1,4.16,0,2,1,1,0,1,5.2,1,2,2,53,0,4,0
BM2629,3,0.73,6,-3.39,60,8,8.17,2,0,1,3.5,4,3,0,1,1,1,13.1,2,0,3,74,2,3,0
BM2437,17,4.08,50,-0.56,0,26,9.66,4,136,0,2.91,3,6,1,0,0,0,14.2,2,1,2,86,1,5,1
BM2115,10,2.31,31,0.83,3,6,10.7,2,51,1,1.39,1,4,1,1,0,0,8.5,2,0,1,53,3,5,0
BM2632,8,2.04,28,-1.44,5,21,11.79,2,62,0,1.2,6,7,0,0,1,0,11.6,2,1,3,87,0,1,1
BM2198,13,3.02,38,3.55,25,12,5.86,1,148,0,1.19,1,8,0,1,1,0,14.2,3,1,1,70,4,3,1
BM2639,7,1.58,21,2.39,25,19,4.59,6,100,1,4.5,0,8,1,1,0,0,13.7,2,1,1,59,2,3,0
BM2218,8,1.82,26,1.17,6,10,5.83,8,90,0,0.78,2,2,1,0,1,0,13.2,1,0,1,97,1,5,1
BM2671,17,4.12,50,-1.93,4,29,3.67,5,101,0,2.3,1,8,0,1,1,0,14.4,3,1,2,92,3,4,1
BM2790,8,2.05,22,-1.59,0,15,2.23,7,73,0,3.15,1,8,0,0,0,3,14.0,1,0,3,84,5,2,0
BM2352,12,2.62,35,0.64,0,15,5.33,2,98,1,1.2,5,12,1,1,1,1,10.8,1,2,1,79,1,5,0
BM2288,2,0.43,7,-0.96,30,10,4.55,5,0,1,5.17,4,6,1,0,1,1,15.4,2,0,1,80,1,3,0
BM2381,5,1.14,13,5.29,10,14,2.72,5,52,0,3.53,4,8,1,0,1,1,13.9,1,2,1,70,0,4,1
BM2054,21,4.83,63,-0.33,11,37,8.28,4,200,0,1.52,0,10,1,0,0,0,19.2,3,2,1,31,0,4,1
BM2375,15,3.45,44,1.13,7,28,3.73,2,168,0,1.95,5,3,1,0,0,0,7.9,1,2,1,69,1,4,1
BM2365,17,3.96,54,-1.98,16,23,4.0,6,88,0,3.41,3,2,1,1,0,0,16.3,2,1,1,40,0,1,1
BM2382,6,1.51,19,1.95,3,13,6.66,6,1,0,0.58,3,12,1,0,0,0,12.5,1,0,3,51,1,5,1
BM2395,1,0.36,3,-3.87,1,4,4.6,2,32,1,3.34,4,4,0,0,1,1,14.8,2,0,2,92,2,1,0
BM2393,7,1.57,20,0.68,10,8,2.82,1,14,0,1.98,3,3,1,0,1,0,12.2,2,1,1,92,1,1,1
BM2542,10,2.59,31,1.51,3,19,6.11,5,81,0,1.92,0,11,1,1,0,0,15.9,1,0,2,72,0,5,1
BM2625,3,0.55,7,-0.85,9,5,4.23,2,11,0,3.78,1,1,0,1,0,1,7.3,2,0,1,62,0,1,1
BM2360,18,4.18,52,-3.24,4,32,4.75,4,153,0,1.43,5,7,0,0,1,4,13.1,2,0,3,91,1,2,1
BM2440,11,2.61,34,-3.38,6,27,4.56,1,101,1,4.46,6,3,1,1,0,0,13.3,2,1,3,63,2,2,0
BM2484,24,5.82,77,3.38,5,36,12.53,1,147,0,4.88,3,1,1,1,0,0,12.3,3,2,2,67,2,1,1
BM2279,5,1.09,15,-0.74,1,12,5.83,2,117,0,2.61,4,4,1,1,1,0,16.8,1,0,2,80,0,5,1
BM2254,14,3.21,45,-1.89,6,27,7.3,1,112,1,2.79,4,12,0,1,0,2,9.5,1,3,3,54,0,3,0
BM2561,6,1.52,17,1.32,10,11,6.64,4,60,1,0.39,0,7,0,1,0,0,10.6,3,0,1,45,2,2,0
BM2053,16,3.55,45,3.59,2,29,10.47,3,125,0,4.68,5,2,1,1,0,0,10.8,3,0,3,90,1,4,1
BM2512,12,2.83,36,2.44,8,20,3.61,4,99,0,5.89,1,5,1,0,0,0,13.7,2,0,3,77,0,5,1
BM2618,5,1.06,14,1.54,10,14,7.73,5,62,1,1.08,1,5,1,0,0,0,18.2,1,1,3,83,2,2,0
BM2230,5,1.06,19,-1.24,9,13,2.71,1,65,1,0.93,1,12,1,1,0,0,8.5,2,2,2,70,1,5,0
BM2559,8,1.79,24,1.86,2,22,4.64,2,31,0,1.75,5,11,0,0,1,0,17.5,3,1,3,32,1,3,1
BM2146,6,1.35,21,-1.07,9,19,2.53,1,139,0,3.9,0,1,1,0,0,1,13.6,3,0,3,41,2,4,0
BM2728,11,2.57,34,-1.79,11,26,9.74,7,77,0,3.14,6,10,0,1,0,0,7.5,3,1,1,95,4,4,1
BM2686,13,2.81,40,2.18,0,11,8.06,5,161,0,1.72,0,6,0,0,1,0,11.6,1,0,2,62,5,4,1
BM2516,11,2.58,28,-2.2,2,21,4.01,12,55,0,2.69,6,2,1,0,0,2,16.9,3,2,2,75,1,2,1
BM2086,17,4.1,54,0.33,13,30,6.14,1,139,0,3.85,2,5,0,1,0,0,8.2,2,1,1,34,2,4,1
BM2219,9,1.97,23,-0.38,8,15,7.47,4,19,0,4.04,5,10,0,1,0,0,9.2,1,2,1,65,4,4,1
BM2296,6,1.45,18,-1.06,2,16,5.46,2,73,0,0.89,3,1,1,1,0,0,11.1,2,0,1,50,1,2,1
BM2678,6,1.59,20,1.03,22,8,1.97,5,0,0,1.2,5,12,1,1,1,0,14.4,3,1,2,87,1,4,1
BM2044,6,1.29,20,1.51,10,18,1.82,3,15,1,1.58,1,8,1,1,1,0,12.9,2,0,3,55,2,3,0
BM2174,22,5.18,67,0.86,3,42,6.88,7,181,0,8.79,2,9,1,0,0,0,9.4,3,0,2,51,1,1,1
BM2301,24,5.7,68,5.7,3,38,6.81,6,196,0,1.04,1,2,0,0,0,1,11.7,1,1,1,66,0,5,1
BM2598,20,4.52,60,-0.72,1,38,3.37,6,153,0,2.98,0,2,1,0,0,0,14.2,1,0,2,92,3,4,1
BM2409,3,0.79,6,1.78,16,9,2.49,2,0,1,0.61,6,2,1,1,0,0,8.5,3,1,2,96,1,4,0
BM2139,4,0.73,11,0.84,8,6,1.99,3,60,0,7.4,0,12,1,1,0,0,12.3,3,1,1,78,2,2,1
BM2162,8,1.84,24,-0.03,2,20,3.22,3,15,0,1.04,3,5,1,1,0,2,11.2,1,1,2,52,3,2,0
BM2372,22,5.07,67,-4.48,16,36,4.72,5,218,0,3.96,1,12,1,1,0,0,13.1,3,0,3,95,1,2,1
BM2470,17,3.97,51,2.8,0,25,7.77,3,179,0,2.03,2,2,1,0,0,1,15.9,2,0,3,56,0,3,1
BM2609,8,2.09,23,0.55,12,16,5.5,4,146,0,1.18,0,1,1,1,0,0,13.7,2,1,2,72,0,1,1
BM2636,7,1.59,23,-2.28,1,15,2.04,1,5,0,3.29,3,7,0,1,0,0,16.7,2,0,1,98,2,1,1
BM2280,22,5.02,67,0.85,8,43,5.38,5,219,0,1.41,0,7,1,0,1,1,16.1,1,1,1,74,1,4,1
BM2203,9,2.13,27,2.94,3,1,4.64,6,36,1,6.2,4,4,0,1,1,0,8.8,1,1,3,56,2,1,0
BM2009,23,5.34,67,1.21,3,40,8.3,1,154,1,4.23,0,3,0,1,1,0,11.0,2,2,2,47,0,3,0
BM2573,12,2.83,36,-2.64,20,25,5.77,1,131,0,2.42,5,5,1,1,0,2,15.0,1,1,3,67,3,3,1
BM2723,7,1.48,24,-4.34,2,10,2.43,3,101,1,3.2,6,2,1,1,1,0,16.3,3,2,2,58,2,1,0
BM2262,15,3.64,44,4.31,6,39,3.93,9,103,0,2.57,3,4,1,0,1,1,12.3,2,1,3,71,1,5,1
BM2270,6,1.44,22,3.19,10,19,3.84,5,91,0,1.65,0,11,0,0,1,1,12.1,2,0,1,79,1,3,1
BM2374,11,2.46,34,4.6,1,18,6.7,1,101,0,3.52,3,5,1,0,0,0,13.6,3,0,1,61,0,3,1
BM2163,4,1.02,14,-2.59,41,12,3.09,4,49,1,2.35,3,1,1,0,1,1,16.0,1,0,2,53,3,4,0
BM2285,8,1.89,24,2.7,21,21,9.19,3,99,1,1.01,1,9,1,1,0,0,14.8,2,0,2,55,2,1,0
BM2563,13,3.19,44,0.6,2,39,10.57,2,51,0,5.76,5,9,0,0,0,0,10.5,3,3,3,66,2,2,1
BM2396,12,2.76,35,5.37,6,19,6.92,3,117,0,2.53,3,1,0,1,0,0,10.2,2,1,1,51,1,5,1
BM2387,6,1.44,21,3.6,29,18,5.14,4,0,0,2.45,3,2,0,0,0,0,14.7,2,0,1,71,2,4,1
BM2318,16,3.69,47,0.19,6,29,3.89,3,109,0,1.57,4,7,1,1,1,0,10.7,3,2,1,73,1,1,1
BM2535,5,1.32,13,-2.62,1,16,2.68,7,111,0,1.34,4,1,1,0,1,0,9.5,2,1,2,59,1,5,1
BM2099,7,1.48,20,3.62,0,16,10.67,2,80,0,9.14,6,12,0,0,1,1,8.4,1,1,1,91,0,3,1
BM2795,2,0.6,5,-2.22,6,9,3.04,4,79,1,3.51,4,3,0,1,0,0,15.3,2,0,3,69,0,4,0
BM2291,6,1.12,19,-3.23,23,15,6.74,6,39,1,6.47,3,6,0,1,0,0,10.1,1,0,1,59,2,2,0
BM2666,9,2.13,25,-2.57,34,23,3.04,4,79,1,1.26,0,11,1,0,0,1,10.9,2,1,1,49,2,4,0
BM2458,9,2.08,31,0.31,48,16,2.92,4,59,0,2.28,1,8,0,1,0,0,16.5,1,0,1,60,2,5,0
BM2757,13,2.77,37,1.31,1,27,8.55,10,109,0,1.54,4,5,1,1,0,0,10.2,3,2,1,55,2,3,1
BM2315,7,1.48,21,-1.47,60,19,3.92,1,81,1,3.11,0,4,1,0,1,0,13.2,3,0,2,66,2,5,0
BM2770,16,3.55,51,-1.27,1,30,10.09,2,79,0,2.38,6,5,0,1,0,1,15.7,2,0,3,46,2,5,1
BM2071,5,1.32,17,-1.11,12,10,2.19,8,31,0,2.67,4,1,0,1,0,0,12.3,3,1,1,93,1,2,1
BM2166,1,-0.03,4,2.57,30,1,1.18,9,43,0,0.41,6,6,1,0,0,1,12.1,1,0,3,75,2,3,0
BM2161,10,2.31,31,-4.92,7,19,4.47,3,115,0,2.56,4,10,1,1,0,0,6.6,2,0,1,73,2,4,1
BM2130,6,1.42,19,0.16,14,17,6.12,4,109,1,0.59,2,9,0,0,1,0,10.7,1,0,1,84,4,4,0
BM2330,4,0.69,14,2.07,19,2,2.23,1,34,0,1.38,3,11,0,0,0,0,19.9,1,1,2,76,1,4,0
BM2136,20,4.66,61,0.31,6,34,7.51,4,191,0,2.45,1,8,0,0,0,1,12.0,3,2,1,100,6,3,1
BM2320,16,3.51,48,4.63,4,29,3.6,2,145,0,6.15,2,4,0,1,1,0,15.7,3,1,3,71,0,2,1
BM2016,1,0.12,7,1.73,4,10,1.57,10,0,0,1.38,2,5,1,0,1,0,18.3,2,1,2,73,2,4,1
BM2113,13,2.98,37,1.53,9,16,8.56,8,129,0,3.63,3,5,0,1,1,0,8.3,3,0,2,78,3,4,1
BM2007,6,1.25,17,-4.26,2,18,4.89,1,56,0,1.65,6,3,1,1,0,0,9.7,1,0,1,82,3,2,1
BM2195,5,1.11,17,-0.91,6,18,2.9,7,0,0,0.23,6,3,1,1,1,0,11.7,1,1,3,63,4,5,1
BM2481,17,4.0,51,0.95,2,30,9.52,6,180,0,5.52,0,6,0,1,0,0,15.6,2,0,1,68,3,1,1
BM2173,6,1.25,19,-2.11,6,11,5.82,4,41,1,2.85,6,4,1,1,0,1,12.2,2,1,1,88,2,5,0
BM2294,8,1.81,23,-4.08,3,14,3.36,1,6,0,1.56,5,1,0,0,1,1,15.2,1,0,2,59,1,3,1
BM2685,16,3.87,47,-2.74,1,21,7.49,3,157,1,0.7,6,8,0,1,0,0,12.6,2,1,1,77,2,4,0
BM2626,25,5.8,74,-2.26,2,41,9.04,7,128,0,1.43,6,3,0,0,1,0,16.2,1,0,1,75,1,2,1
BM2523,13,2.92,39,-0.94,4,35,6.3,9,94,0,1.2,2,10,1,1,0,0,6.8,2,0,1,69,1,3,1
BM2067,6,1.39,20,2.38,6,18,1.35,7,79,0,1.41,4,9,0,0,0,3,10.0,1,0,1,74,0,2,1
BM2356,16,3.55,46,0.89,9,26,9.3,5,167,0,2.68,6,1,1,1,0,0,14.4,2,2,2,51,0,3,1
BM2204,11,2.6,34,-1.68,2,22,5.06,2,149,0,0.95,1,7,1,1,0,0,12.3,2,1,3,87,1,2,1
BM2779,11,2.49,34,-0.91,1,25,9.11,6,54,0,1.96,3,12,0,1,0,1,12.6,1,1,2,70,1,4,1
BM2670,12,2.62,36,-2.63,26,24,6.33,3,134,0,5.9,6,10,0,0,1,0,10.8,2,0,3,32,1,1,1
BM2420,20,4.64,59,2.41,8,34,4.5,6,115,0,4.35,1,4,1,0,0,0,12.0,3,1,2,50,0,5,1
BM2194,15,3.3,48,1.67,2,27,6.95,5,124,0,1.02,1,11,1,1,0,0,15.2,1,0,2,100,3,5,1
BM2304,15,3.49,48,0.89,6,31,8.34,2,145,0,2.37,3,12,0,0,1,2,14.9,1,2,3,52,2,5,1
BM2562,9,2.07,22,1.13,20,18,1.68,2,20,0,1.9,3,6,1,1,0,0,16.4,1,0,3,27,5,3,1
BM2714,9,1.99,28,3.45,2,10,2.71,7,1,0,2.15,0,7,1,1,0,0,9.4,3,2,1,56,5,1,1
BM2347,25,5.89,75,-0.85,16,40,9.95,2,166,0,1.33,5,9,1,0,0,0,9.4,3,0,3,74,1,5,1
BM2199,26,6.14,78,-0.44,22,44,8.66,1,261,0,1.9,3,1,0,1,1,0,7.1,1,0,2,76,2,5,1
BM2490,7,1.61,17,3.11,6,17,2.04,4,30,0,2.97,2,1,1,1,1,0,6.8,2,0,1,69,1,2,1
BM2628,16,3.63,46,-4.44,4,28,3.32,2,141,0,3.94,4,12,1,1,0,0,10.5,3,0,2,61,0,2,1
BM2003,30,6.91,87,-0.3,6,55,9.57,3,282,0,1.26,2,4,1,1,1,1,7.0,3,1,3,83,1,1,1
BM2760,18,3.98,58,-0.04,1,32,6.62,15,113,0,2.57,0,8,0,1,0,0,11.3,1,1,3,44,3,1,1
BM2419,5,1.14,17,0.28,10,21,1.11,5,100,1,3.15,2,5,1,1,0,0,9.4,1,2,1,82,3,1,0
BM2358,3,0.61,9,0.84,19,2,5.9,5,0,0,0.38,3,2,0,1,0,0,10.6,3,0,2,56,0,4,0
BM2276,16,3.65,47,4.3,4,30,3.8,8,64,0,0.88,5,5,0,0,1,0,8.2,2,0,1,86,3,2,1
BM2266,16,3.64,49,2.56,15,32,8.08,3,151,0,2.82,3,8,0,0,0,2,13.8,3,0,2,64,0,5,1
BM2237,10,2.28,29,-0.58,15,27,3.8,3,57,0,0.96,5,2,1,0,1,1,11.6,1,1,3,46,2,4,1
BM2229,16,3.49,46,1.26,0,32,6.67,12,206,0,0.85,0,8,0,1,1,1,15.5,2,0,1,85,1,5,1
BM2357,8,1.89,23,-1.03,5,14,6.94,1,72,0,1.65,1,11,1,0,0,1,10.9,1,1,1,70,1,2,1
BM2606,7,1.41,22,-3.03,3,24,3.97,1,46,0,2.46,1,8,1,0,0,1,21.9,3,0,2,57,2,4,1
BM2572,3,0.74,8,-1.35,1,0,5.26,7,33,0,7.32,6,7,1,1,1,0,7.9,3,0,3,88,1,1,0
BM2792,3,0.86,10,2.96,1,8,12.09,6,1,0,2.07,1,9,1,1,0,0,12.8,1,0,3,100,1,1,1
BM2373,18,4.13,53,2.58,2,35,9.3,2,114,0,0.58,5,3,1,0,0,1,17.4,3,0,2,58,3,5,1
BM2431,6,1.57,19,2.26,48,8,7.78,1,116,1,1.75,3,7,0,1,1,1,8.7,2,3,3,43,2,5,0
BM2536,13,3.01,41,1.02,1,35,5.1,9,121,0,1.71,5,3,0,1,1,0,14.5,3,0,3,75,1,4,1
BM2461,22,5.1,64,3.03,2,36,4.67,2,227,0,0.81,6,11,1,1,1,2,11.0,2,0,3,81,2,3,1
BM2116,4,0.94,8,-1.38,5,21,4.58,4,49,0,5.83,0,12,1,1,0,0,11.0,3,1,2,100,2,4,1
BM2222,13,2.98,41,-1.03,20,24,4.92,1,160,0,1.18,0,1,1,1,0,2,14.4,1,0,2,97,3,2,1
BM2105,11,2.47,31,0.12,14,21,5.78,2,92,0,9.91,6,8,0,1,0,0,9.1,3,0,3,80,2,4,1
BM2692,8,1.87,20,-3.94,19,22,4.15,1,20,1,0.56,2,5,0,0,0,1,13.1,2,1,1,98,0,2,0
BM2200,8,1.84,23,0.23,2,15,3.45,4,43,0,4.33,0,1,1,0,1,1,10.1,1,1,3,36,0,1,1
BM2782,6,1.61,19,-2.11,15,22,2.54,5,66,0,3.7,3,2,1,0,1,1,12.8,2,0,1,77,0,1,1
BM2647,14,3.34,44,-4.64,11,25,6.21,8,111,0,1.89,6,2,1,1,0,0,12.2,1,1,2,29,3,3,1
BM2342,8,1.85,21,-1.47,10,17,3.62,2,55,0,2.36,0,8,1,1,0,0,7.4,3,1,2,60,0,3,0
BM2706,11,2.51,33,-4.31,6,23,12.52,7,80,1,2.6,0,7,1,0,0,1,14.0,3,0,2,89,3,4,0
BM2410,6,1.41,20,-3.14,5,14,4.78,4,0,0,2.33,2,11,1,0,0,1,11.1,1,1,1,56,2,3,1
BM2614,4,1.01,13,-2.09,15,6,4.1,4,67,0,3.38,5,5,1,0,1,1,15.0,1,0,3,62,2,4,1
BM2391,25,5.69,74,2.36,1,38,9.39,1,168,0,2.24,1,5,1,1,1,1,16.5,2,0,1,48,3,2,1
BM2539,6,1.41,18,-1.95,21,2,3.43,6,0,0,4.16,5,11,0,0,0,0,11.6,3,0,3,69,1,5,1
BM2371,8,1.86,25,-3.05,3,16,9.15,2,47,0,0.88,2,1,1,1,0,0,16.2,1,1,1,66,5,1,1
BM2616,20,4.76,62,1.11,20,35,10.47,4,227,0,1.54,1,12,0,0,1,0,10.8,2,0,1,78,3,2,1
BM2287,2,0.33,5,0.58,30,9,8.19,2,112,0,6.19,1,8,0,0,0,1,10.8,2,0,3,56,2,1,1
BM2034,7,1.68,24,-2.24,8,15,5.04,2,21,0,1.2,4,9,1,0,1,0,9.3,1,3,1,41,1,3,1
BM2570,2,0.54,3,2.84,3,1,5.55,5,52,0,0.61,4,10,1,1,0,1,9.9,3,0,1,41,0,5,1
BM2747,11,2.54,32,0.35,1,18,7.49,4,48,0,0.14,5,10,1,1,0,1,12.6,1,0,2,60,2,1,1
BM2277,7,1.71,19,0.29,31,13,3.55,13,75,1,2.84,3,7,1,1,0,0,15.2,2,1,2,78,0,4,0
BM2014,9,2.1,28,0.76,13,25,6.34,1,35,0,3.29,3,4,1,0,1,0,21.1,3,1,3,68,1,4,1
BM2698,13,3.14,40,-1.29,6,24,6.19,2,77,1,3.34,4,7,1,1,0,0,5.3,1,0,3,74,1,3,0
BM2319,13,3.01,38,-2.69,1,23,6.52,3,141,0,5.3,5,7,0,0,1,1,13.3,3,1,3,83,0,1,1
BM2581,4,0.99,10,0.85,4,1,2.73,5,53,1,3.4,3,4,0,0,0,0,14.5,2,2,1,70,2,5,0
BM2510,6,1.41,16,1.19,30,18,13.06,2,52,0,3.4,6,11,1,1,0,1,15.3,2,0,3,72,0,3,1
BM2098,5,1.31,14,0.43,4,16,4.44,6,28,0,0.6,5,12,1,1,0,0,14.2,2,0,1,43,0,2,1
BM2715,14,3.17,40,5.29,3,20,5.86,8,115,0,2.27,6,7,0,1,0,0,11.3,3,2,3,100,1,4,1
BM2348,3,0.55,11,-4.43,14,19,2.88,6,93,0,2.28,1,3,1,0,0,0,9.2,1,2,3,63,2,3,1
BM2526,4,0.98,12,-1.08,5,5,3.28,11,43,1,2.69,4,1,0,0,1,0,15.7,3,0,1,100,6,3,0
BM2094,17,3.69,55,2.95,16,35,3.4,4,200,0,1.39,2,10,1,1,0,1,16.6,3,1,1,83,2,2,1
BM2031,25,5.8,75,1.06,13,44,4.42,4,206,0,3.52,1,11,1,0,0,1,19.7,1,1,2,68,2,1,1
BM2697,7,1.69,22,1.17,5,19,3.18,2,7,0,1.72,3,6,1,0,0,1,13.1,1,0,3,78,3,2,1
BM2333,7,1.63,19,-3.76,6,24,7.05,16,73,0,4.45,5,5,1,0,1,0,9.4,3,1,3,53,2,4,1
BM2551,14,3.25,40,0.24,26,31,4.95,2,124,0,2.99,0,9,1,1,1,0,9.7,3,0,1,81,5,5,1
BM2455,13,2.76,38,0.76,25,18,7.55,1,164,1,1.53,0,6,0,0,1,2,9.6,2,0,2,61,1,4,0
BM2175,7,1.51,21,0.19,6,10,4.92,2,72,1,1.53,0,1,0,0,1,0,11.1,3,1,2,90,3,2,0
BM2592,20,4.67,61,-3.78,4,37,8.22,1,195,0,1.69,4,2,1,1,1,0,12.5,2,2,2,55,0,2,1
BM2467,12,2.76,35,-3.69,2,10,7.93,10,82,0,1.63,2,11,1,1,1,0,5.3,1,1,1,48,1,4,1
BM2281,13,3.0,41,-2.73,8,25,8.41,2,160,0,1.22,5,2,0,0,1,1,12.4,1,1,3,72,3,4,1
BM2500,6,1.35,21,0.82,15,26,1.47,2,92,1,0.83,0,6,0,0,1,0,10.6,3,2,1,38,0,4,0
BM2106,10,2.48,31,0.3,9,22,9.63,5,113,0,1.81,5,3,1,1,1,1,15.8,2,1,3,76,0,4,1
BM2752,11,2.65,31,-6.58,26,22,4.68,3,114,0,1.22,2,5,1,1,0,1,10.8,2,2,2,95,3,1,0
BM2444,13,3.07,39,-2.98,13,21,2.1,1,71,0,3.59,2,8,1,1,0,0,14.4,1,0,3,84,1,1,1
BM2436,10,2.32,29,-2.39,24,27,9.15,2,129,0,1.67,6,5,0,1,1,1,10.9,1,1,3,36,1,2,1
BM2251,6,1.31,16,-0.27,13,17,1.76,5,10,0,0.45,2,9,1,0,1,0,15.2,3,0,3,42,0,5,0
BM2377,5,1.2,14,1.66,8,19,1.25,3,49,0,2.61,4,3,1,1,1,0,14.8,2,1,2,67,3,2,1
BM2748,7,1.55,23,2.5,7,9,5.3,1,43,1,2.13,1,8,0,1,1,1,16.6,3,1,2,100,1,1,0
BM2378,13,3.01,37,4.59,2,27,2.97,4,11,0,0.37,6,9,1,0,0,0,10.0,3,0,3,76,1,5,1
BM2389,7,1.72,24,-2.69,19,16,6.97,11,112,1,4.31,4,10,1,0,1,0,9.4,2,0,1,46,1,2,0
BM2533,19,4.14,56,-1.37,8,34,4.94,3,137,0,0.7,0,4,1,1,0,0,13.8,2,1,2,67,1,4,1
BM2008,15,3.5,45,2.05,5,24,3.42,1,154,0,4.4,5,8,1,0,0,0,17.0,3,2,2,39,2,4,1
BM2327,8,1.91,23,-2.98,26,19,4.08,1,66,1,3.66,4,6,0,0,0,0,14.9,1,1,1,86,2,4,0
BM2235,13,3.12,35,-2.27,7,29,4.0,16,109,0,0.72,2,12,1,1,1,1,16.8,1,0,2,70,2,1,1
BM2502,28,6.41,85,4.6,4,42,10.4,3,140,0,3.63,6,1,1,1,1,0,13.0,1,1,1,71,1,2,1
BM2780,7,1.45,18,-0.35,38,13,6.9,4,16,0,0.96,0,11,0,0,0,0,9.8,2,0,1,58,3,2,1
BM2667,13,2.99,42,-2.68,0,32,7.28,6,57,1,2.89,3,6,0,0,0,0,8.5,3,0,2,85,0,5,0
BM2638,6,1.38,17,1.01,3,19,3.13,6,54,0,3.26,2,2,0,0,0,0,11.3,2,0,1,82,1,5,0
BM2781,4,0.73,15,0.42,16,6,9.48,4,13,1,3.92,1,4,1,1,0,0,11.3,2,0,1,41,1,4,0
BM2457,11,2.37,32,0.52,14,30,3.35,2,76,1,3.43,0,5,1,1,0,0,12.5,1,3,3,51,1,1,0
BM2209,2,0.52,6,3.23,1,2,3.8,1,18,0,0.65,5,8,0,1,0,0,13.9,1,0,2,55,1,5,1
BM2633,14,3.2,43,-0.65,2,17,7.01,9,159,0,1.86,0,11,0,1,1,1,11.6,3,1,2,72,2,3,1
BM2564,13,3.16,36,0.26,1,22,12.52,2,83,0,0.62,6,12,1,0,0,0,18.6,2,0,3,55,2,5,1
BM2213,10,2.35,32,-0.89,3,25,13.28,3,100,0,2.94,4,7,1,0,0,0,11.6,1,0,1,79,2,4,1
BM2482,19,4.52,56,3.6,0,35,10.35,3,135,0,3.49,2,10,1,0,1,0,16.8,3,1,3,42,3,4,1
BM2445,7,1.49,23,-0.49,7,7,5.26,2,53,1,4.45,0,10,0,0,1,0,13.5,3,0,2,70,1,4,0
BM2524,7,1.62,20,-2.32,2,17,8.24,1,54,0,7.65,2,2,0,0,0,2,15.5,3,3,2,68,2,1,1
BM2101,30,6.73,90,-0.27,1,57,10.06,7,263,0,0.76,4,6,1,0,0,1,10.9,2,1,3,48,1,2,1
BM2310,18,4.17,51,0.06,10,39,6.36,6,166,0,0.4,1,6,1,1,0,0,10.0,1,1,2,79,2,2,1
BM2422,24,5.52,70,-1.26,14,39,9.29,1,309,0,1.91,6,7,0,0,0,0,8.5,3,0,1,65,0,2,1
BM2584,6,1.43,15,-0.91,14,6,3.75,2,28,1,2.7,1,1,1,1,0,1,17.8,2,2,2,68,1,1,0
BM2055,11,2.52,32,1.71,1,15,4.01,2,92,0,0.79,5,9,1,1,1,0,16.0,3,1,3,54,4,3,1
BM2421,9,2.03,29,0.87,11,18,7.07,4,55,0,3.11,0,7,1,0,1,2,13.2,1,0,3,85,2,4,1
BM2068,9,2.11,25,0.23,4,13,3.5,7,141,0,3.26,0,10,0,0,1,0,9.4,2,0,1,66,1,1,0
BM2041,7,1.66,20,0.39,11,24,6.11,5,17,0,5.16,5,7,1,0,1,0,9.8,1,0,1,62,0,4,1
BM2085,30,7.15,91,-3.52,9,54,6.2,2,202,0,2.07,6,9,0,1,0,1,11.6,1,2,2,58,3,5,1
BM2771,21,4.84,63,0.95,12,45,7.95,4,147,0,2.89,5,11,0,0,0,1,10.0,1,0,2,79,0,4,1
BM2400,2,0.45,7,-1.4,54,12,6.6,5,0,1,2.3,4,4,1,0,1,2,8.8,2,1,3,72,1,1,0
BM2571,10,2.39,30,-1.79,14,22,4.83,1,103,0,1.16,2,7,1,0,0,0,12.0,3,0,3,73,2,1,1
BM2528,6,1.54,16,-1.24,6,12,6.01,2,50,0,2.55,3,1,0,1,0,0,8.8,3,0,2,55,5,5,1
BM2427,10,2.18,33,-0.73,9,15,6.75,8,67,0,6.84,1,6,1,1,1,0,11.6,2,3,3,61,2,1,1
BM2429,12,2.69,36,1.56,7,20,2.98,3,66,0,3.84,6,10,1,0,0,0,10.2,3,0,2,90,2,3,1
BM2417,15,3.58,42,-1.54,3,28,3.83,5,118,0,2.23,0,5,1,0,0,0,15.5,2,1,2,95,2,2,1
BM2587,17,3.9,52,2.17,12,34,9.48,7,81,0,0.73,3,7,1,1,1,1,10.9,1,1,3,89,1,4,1
BM2134,12,2.72,38,-0.27,6,25,6.76,3,83,0,4.73,5,1,1,0,1,1,14.4,1,1,2,52,3,3,1
BM2196,8,1.81,23,-0.3,44,18,2.67,3,59,0,6.51,0,10,1,1,1,1,12.6,2,0,3,52,2,4,1
BM2662,8,1.67,21,1.41,1,8,1.87,1,79,0,0.15,5,7,1,1,0,0,13.3,1,0,3,81,2,5,1
BM2216,4,0.93,12,-0.33,8,12,6.77,3,48,0,0.83,6,7,1,1,0,1,11.8,3,1,3,67,3,1,1
BM2284,16,3.74,47,-0.56,1,30,4.79,4,131,1,0.77,1,4,0,0,1,0,16.7,2,0,3,99,3,2,1
BM2147,4,1.03,12,-5.32,5,12,3.35,3,73,1,0.46,4,2,1,1,1,0,13.9,3,0,3,78,0,3,0
BM2494,13,2.83,37,1.76,1,30,4.07,5,107,0,4.04,0,4,1,1,1,0,12.3,3,1,3,78,2,2,1
BM2466,9,2.07,25,-4.18,15,15,1.89,3,100,0,0.77,0,8,1,0,1,0,10.4,1,2,3,69,0,3,0
BM2111,9,1.95,28,3.65,6,15,8.91,5,63,0,2.72,0,12,1,0,1,0,7.7,3,0,3,70,1,3,1
BM2652,7,1.48,22,0.65,8,13,2.07,1,51,0,1.85,5,8,0,0,0,0,11.7,3,0,3,24,2,3,1
BM2696,15,3.32,45,1.42,6,25,6.97,7,64,0,1.5,0,8,0,1,0,1,13.8,3,1,1,75,1,5,1
BM2154,7,1.78,20,0.18,30,20,2.65,5,74,1,3.62,3,6,0,1,1,1,10.6,1,1,1,52,2,4,0
BM2663,10,2.13,28,-1.9,25,25,6.19,6,103,0,4.66,2,8,0,0,0,0,15.8,2,0,2,62,2,5,1
BM2305,10,2.18,31,-5.47,1,22,4.58,7,109,0,0.37,3,1,0,1,0,0,14.2,2,1,2,67,4,3,1
BM2718,8,1.65,19,-0.04,20,14,7.38,4,42,0,0.29,2,9,1,1,1,0,24.2,2,2,3,100,1,3,0
BM2336,13,2.79,39,1.38,8,15,7.25,9,78,0,1.19,3,11,1,0,0,0,19.2,3,0,3,66,2,3,1
BM2211,5,1.22,16,0.35,17,9,6.96,4,19,1,5.09,5,11,1,0,0,1,12.1,3,0,2,66,3,5,0
BM2267,18,4.37,51,-0.5,1,26,3.09,2,161,0,4.63,6,1,0,0,0,0,9.3,2,0,2,54,2,5,1
BM2290,3,0.58,9,0.54,1,4,3.08,3,35,0,2.17,2,8,0,0,1,0,16.1,1,0,1,59,1,4,1
BM2388,17,3.97,49,-1.94,1,39,5.62,5,50,1,4.44,1,2,0,1,0,1,14.4,1,0,3,76,2,2,1
BM2359,12,2.76,33,-0.16,2,22,3.54,6,152,0,3.21,6,10,1,1,0,1,12.7,2,1,1,94,0,2,1
BM2406,20,4.56,63,-2.55,2,30,5.97,2,136,0,6.19,1,6,0,0,0,1,12.5,3,1,2,31,0,1,1
BM2364,19,4.54,59,-0.69,9,31,3.95,2,145,0,1.26,4,8,1,1,0,0,12.5,3,0,2,100,1,2,1
BM2012,5,0.98,15,-1.16,28,20,12.13,4,37,0,0.33,4,4,0,0,1,0,13.8,1,0,1,56,0,5,1
BM2062,13,3.21,40,2.81,19,23,3.72,5,117,0,2.68,6,6,1,1,1,1,13.6,3,1,1,74,4,5,1
BM2170,22,5.08,65,-1.64,4,41,8.61,11,160,0,4.78,2,4,0,1,0,1,11.5,3,0,1,82,2,1,1
BM2620,26,6.1,79,1.1,6,53,8.32,1,181,1,0.83,3,4,1,0,0,0,11.0,3,1,1,68,2,5,0
BM2495,3,0.75,9,-1.79,6,3,3.47,3,17,0,1.48,6,12,0,0,0,1,7.1,1,0,1,52,1,4,1
BM2181,8,1.82,20,-0.28,2,23,3.33,6,70,0,2.43,0,7,1,0,1,0,14.3,2,0,3,85,1,1,1
BM2192,8,2.0,29,3.03,26,14,2.48,12,106,0,1.41,4,2,1,1,0,0,14.6,3,1,1,40,2,1,1
BM2189,24,5.47,76,0.49,0,42,9.77,9,120,0,1.01,5,9,0,1,0,0,13.1,3,1,1,67,0,4,1
BM2112,20,4.66,61,0.28,18,42,3.73,5,89,1,0.98,2,11,0,1,0,1,15.5,2,1,1,61,5,5,0
BM2102,5,1.23,15,0.48,30,18,3.3,2,25,0,0.84,0,11,1,1,1,1,16.4,1,1,1,98,1,5,1
BM2414,8,1.7,24,-2.67,54,13,5.99,6,72,1,1.02,4,7,0,1,0,0,11.9,3,1,2,75,0,1,0
BM2190,4,0.95,15,1.44,4,5,2.69,2,0,1,1.7,6,7,0,1,1,1,14.5,1,0,3,66,1,1,0
BM2711,10,2.51,33,0.16,24,18,4.59,5,118,0,1.74,0,11,0,0,1,0,14.3,1,0,3,17,1,2,1
BM2549,11,2.43,36,-2.02,2,25,8.59,1,32,0,2.27,5,7,0,1,0,0,10.5,1,0,3,57,3,5,1
BM2052,12,2.9,35,-2.92,13,22,6.69,3,48,0,2.91,3,6,1,0,1,1,11.9,3,0,3,85,0,1,1
BM2028,5,1.07,14,-0.43,4,14,8.85,8,81,1,2.36,4,8,1,1,0,2,12.1,3,0,2,54,2,2,1
BM2065,12,2.73,39,4.27,1,14,7.29,6,69,0,1.77,1,8,1,0,0,2,16.3,1,1,2,69,3,4,1
BM2611,21,4.95,64,2.35,1,42,6.2,7,113,0,2.56,0,5,1,1,1,0,14.1,1,0,3,63,1,2,1
BM2701,11,2.5,33,-0.68,12,16,14.65,4,86,0,1.28,5,1,1,1,0,1,14.3,3,0,3,31,4,1,1
BM2308,3,0.83,8,-5.61,17,9,5.41,10,24,1,4.59,4,7,1,1,0,0,14.8,1,0,3,61,2,4,0
BM2386,20,4.48,61,5.85,10,43,10.53,2,178,0,0.48,0,11,1,1,0,0,7.4,1,1,1,43,2,5,1
BM2354,15,3.45,46,-1.0,3,32,5.97,1,80,0,0.58,2,9,1,1,0,3,14.8,3,1,3,84,1,3,1
BM2582,10,2.58,35,-2.04,7,21,3.39,6,161,0,1.97,1,9,1,1,0,0,10.4,2,1,2,39,2,2,1
BM2159,5,1.16,18,-0.19,2,5,2.19,10,16,1,6.47,4,2,1,0,0,1,9.9,2,0,3,96,1,5,0
BM2186,10,2.3,35,-2.98,0,24,5.16,1,17,1,2.06,4,3,0,0,0,0,12.0,2,1,2,60,1,4,0
BM2244,9,1.98,32,3.7,13,17,7.75,9,75,0,1.72,0,4,1,1,1,1,12.4,2,0,1,83,0,5,1
BM2624,13,2.89,39,0.89,7,21,2.52,1,131,0,3.31,3,1,1,1,1,1,10.1,2,1,1,76,0,5,1
BM2717,5,1.22,14,-0.67,6,11,5.28,3,86,0,1.26,5,12,1,1,0,0,13.0,2,1,1,86,3,1,1
BM2157,11,2.66,31,-1.28,14,24,3.32,6,153,0,1.12,4,7,1,0,1,0,7.3,3,2,2,97,2,3,1
BM2126,8,1.95,24,-1.33,12,14,9.02,6,53,0,2.06,6,2,1,1,0,0,16.0,2,0,2,58,0,4,0
BM2322,25,5.81,77,1.5,10,43,14.86,2,193,0,0.91,5,2,0,1,1,2,13.3,3,1,3,80,0,1,1
BM2791,11,2.45,29,0.68,14,26,3.49,3,90,0,5.53,5,5,1,0,0,0,9.9,3,1,3,100,1,5,1
BM2212,10,2.28,34,0.6,5,20,7.13,9,37,0,0.26,0,3,0,0,0,0,12.7,2,0,1,48,4,3,1
BM2103,5,0.95,17,-1.48,4,0,4.58,7,39,0,2.91,3,1,1,0,0,0,9.8,1,1,3,65,3,1,1
BM2541,13,2.91,40,-1.92,14,26,4.05,4,122,0,5.09,6,7,1,1,0,1,13.4,3,1,2,36,1,3,1
BM2520,2,0.31,3,-3.18,1,13,7.56,1,80,0,4.68,1,6,1,1,1,1,18.6,2,1,2,77,1,3,1
BM2710,16,3.45,49,1.37,2,33,12.42,3,145,0,2.76,5,2,0,1,0,1,13.6,3,1,2,66,1,1,1
BM2228,6,1.47,23,0.4,17,14,7.22,2,39,0,1.98,2,3,1,0,1,0,13.2,2,2,1,61,3,3,1
BM2732,5,1.13,13,-4.18,37,11,2.45,3,104,1,3.0,3,10,0,1,1,0,11.1,1,2,2,80,0,2,0
BM2182,20,4.58,60,-1.51,12,43,4.35,8,93,0,5.44,4,4,1,0,1,0,10.2,3,1,3,93,1,3,1
BM2557,3,0.66,6,2.25,30,17,4.25,4,63,1,0.98,1,8,1,1,0,0,10.2,2,3,1,59,2,2,0
BM2687,5,0.93,15,-2.01,4,7,3.46,7,22,0,4.23,6,2,1,0,1,1,18.0,2,1,3,100,2,4,1
BM2197,14,3.37,43,-3.25,24,22,5.5,7,97,0,1.55,0,11,1,0,0,0,8.8,3,1,1,48,4,1,1
BM2462,9,2.06,29,-4.22,18,13,8.42,6,71,0,5.27,0,6,1,1,1,0,8.7,3,0,1,64,0,1,0
BM2451,23,5.28,73,-1.54,2,38,11.32,3,256,0,1.42,5,3,1,0,1,2,14.3,1,3,3,54,2,3,1
BM2763,17,3.99,51,-2.41,2,27,6.74,4,92,0,0.92,6,5,0,1,0,0,13.7,2,0,1,59,1,2,1
BM2713,5,1.02,17,-2.3,49,7,3.52,5,71,1,0.5,0,12,1,1,1,0,9.9,1,4,3,47,0,3,0
BM2486,21,4.86,60,-0.53,0,33,8.94,3,141,0,3.85,1,11,1,1,0,1,12.9,1,0,3,93,0,3,1
BM2050,15,3.37,45,1.49,9,30,6.12,2,157,0,5.77,0,5,0,1,0,0,8.3,2,2,1,85,2,1,1
BM2415,9,2.21,28,0.29,1,15,1.78,1,100,0,0.98,1,11,1,1,0,0,14.7,2,4,2,100,0,4,1
BM2366,14,3.3,43,-1.86,5,34,8.69,2,80,0,4.78,6,11,0,1,1,0,11.5,2,1,3,55,2,1,1
BM2534,16,3.56,48,5.85,0,25,9.24,6,122,0,2.81,4,12,0,0,0,2,12.7,1,1,1,32,0,4,1
BM2234,8,1.91,27,-1.75,8,20,13.37,1,67,0,2.71,0,10,0,0,0,0,15.5,3,2,3,60,3,4,1
BM2489,10,2.25,30,-4.16,5,29,2.97,2,70,0,3.91,5,4,1,1,1,0,14.5,1,1,2,70,4,4,1
BM2401,10,2.34,33,-1.98,15,23,4.92,5,62,0,3.17,6,5,1,0,0,0,14.5,3,1,3,67,1,4,1
BM2438,13,2.96,40,0.44,1,27,5.88,8,63,0,3.15,2,2,0,1,1,0,12.1,1,0,3,74,2,2,1
BM2527,10,2.38,34,1.25,4,20,5.91,4,36,0,2.64,0,11,1,1,0,0,12.6,3,0,3,66,1,4,1
BM2368,14,3.31,44,0.29,14,37,3.79,10,140,0,6.7,0,6,1,0,0,0,13.6,2,1,2,73,3,1,1
BM2151,3,0.64,11,0.23,30,7,3.88,4,74,1,4.31,0,7,0,0,0,0,16.2,3,2,2,90,2,4,0
BM2755,4,1.0,11,-4.54,42,12,10.47,8,28,1,2.79,1,9,1,1,1,0,8.5,3,0,2,100,1,2,0
BM2669,8,1.73,24,3.31,4,21,6.79,4,137,0,2.39,3,7,1,1,1,1,13.7,3,0,2,83,2,3,1
BM2029,8,1.77,23,-0.38,17,25,8.57,5,130,0,3.58,4,5,0,1,0,0,10.2,2,0,3,62,3,3,1
BM2238,2,0.49,8,-0.01,25,14,2.8,5,5,0,0.77,2,5,1,0,0,0,12.9,1,0,1,93,0,1,1
BM2754,4,0.81,8,-1.21,8,0,4.45,4,37,0,5.83,2,4,1,1,0,0,12.3,3,0,3,41,1,1,1
BM2323,11,2.76,32,-0.88,5,20,5.15,3,60,0,2.65,5,1,0,1,0,0,8.6,3,1,1,54,1,5,1
BM2745,16,3.72,48,-0.12,5,34,6.66,4,104,0,1.09,1,11,1,0,1,0,6.1,2,1,1,61,2,5,1
BM2675,10,2.15,31,-4.79,13,23,3.45,3,57,0,2.35,1,4,1,1,0,0,17.0,1,0,1,69,2,4,1
BM2379,4,0.8,11,-2.39,3,14,11.26,5,0,1,8.72,4,3,1,0,0,0,10.0,2,1,2,45,1,3,0
BM2558,6,1.37,19,-6.34,2,5,8.03,12,40,1,1.8,3,5,0,0,1,0,7.3,1,1,3,39,2,2,0
BM2515,7,1.66,20,-1.92,1,18,4.09,3,97,0,3.39,4,1,1,0,0,0,16.4,3,1,3,69,3,1,1
BM2030,6,1.11,17,-1.15,9,5,2.92,3,14,0,1.11,3,7,1,0,0,0,11.3,1,0,1,20,3,2,1
BM2776,19,4.38,56,0.25,1,36,5.81,4,178,0,3.1,6,12,1,1,0,1,17.3,3,0,1,43,2,1,1
BM2350,19,4.26,57,2.22,9,36,5.28,2,89,0,2.91,0,2,1,1,0,0,7.8,1,1,3,29,3,3,1
BM2750,12,2.76,37,-1.69,4,26,5.43,1,139,0,2.37,2,12,1,1,0,1,10.1,3,1,3,93,7,3,1
BM2599,5,1.24,17,-1.58,17,14,1.4,2,19,1,0.82,3,11,0,0,0,0,10.2,3,0,1,69,2,4,0
BM2051,10,2.15,28,-0.49,29,16,2.19,3,34,0,4.33,3,11,1,1,1,2,12.8,2,0,2,100,4,4,1
BM2507,5,1.05,15,-2.51,12,7,1.51,1,24,0,3.88,6,5,1,1,1,0,13.9,1,0,1,65,2,3,1
BM2036,7,1.6,20,1.18,19,10,2.97,2,102,1,4.06,0,3,0,0,0,1,7.4,1,0,2,63,2,3,0
BM2078,21,4.89,65,-1.22,1,42,5.68,4,165,0,3.15,1,3,1,1,0,1,16.2,1,0,3,53,1,5,1
BM2013,6,1.16,17,0.04,5,10,5.47,2,55,0,0.66,0,11,0,0,1,0,17.0,3,0,2,71,1,5,1
BM2058,9,2.06,29,1.95,27,23,4.05,3,99,0,2.13,5,1,1,1,0,2,8.6,3,0,2,81,5,5,1
BM2575,10,2.26,32,2.79,2,14,5.21,2,172,0,4.64,5,2,0,0,0,0,10.8,1,0,3,55,2,3,1
BM2233,6,1.44,18,-0.92,13,13,3.52,2,80,0,1.38,0,5,1,1,0,0,9.1,3,0,2,74,3,1,0
BM2607,5,1.3,14,-4.05,4,21,4.43,3,52,0,0.96,5,11,0,0,0,0,12.1,2,1,1,63,0,4,1
BM2684,11,2.4,33,-3.76,5,19,4.11,11,144,1,4.61,6,2,1,1,1,0,10.1,3,0,3,96,2,1,0
BM2412,5,1.03,17,0.45,7,14,4.06,9,0,0,3.2,1,6,1,1,0,0,13.3,1,0,3,82,3,2,1
BM2478,2,0.45,5,3.45,7,11,5.26,7,37,1,1.31,3,6,1,1,0,0,3.6,1,1,2,43,2,5,0
BM2193,9,1.96,30,-1.68,18,17,7.86,1,90,1,3.36,5,5,0,1,1,1,13.8,2,1,1,53,2,4,0
BM2384,5,1.25,17,0.89,15,8,1.82,1,51,1,1.74,4,6,1,0,1,0,10.5,2,1,2,66,1,1,0
BM2404,9,1.98,28,7.6,60,23,2.86,1,90,0,1.04,0,10,0,1,1,0,3.8,2,1,3,44,2,5,0
BM2590,14,3.27,42,-4.4,7,25,18.79,4,118,0,0.16,2,2,1,1,0,1,15.8,2,0,3,62,2,1,1
BM2045,8,1.68,28,-1.75,0,12,7.49,8,100,0,3.44,3,1,1,1,0,0,12.8,2,1,2,71,4,3,1
BM2487,19,4.41,55,0.75,2,42,8.72,8,167,0,0.49,6,12,1,1,1,0,10.4,1,2,2,48,0,2,1
BM2024,10,2.36,30,0.6,1,18,4.79,6,104,0,3.07,1,11,0,0,1,1,11.3,3,2,1,97,3,5,1
BM2471,10,2.02,32,1.4,9,15,6.55,1,105,0,2.24,3,10,0,1,0,0,14.1,2,0,1,94,2,1,1
BM2256,4,1.07,8,4.48,55,13,3.34,3,0,1,5.5,1,3,1,1,0,2,10.2,1,1,3,67,0,2,0
BM2560,23,5.3,70,-4.74,8,48,7.13,2,255,1,1.81,6,7,1,1,0,0,8.2,1,1,3,38,2,4,0
BM2650,18,4.12,52,2.79,2,30,7.34,1,177,0,4.11,2,8,1,1,1,0,12.6,2,0,1,77,4,5,1
BM2741,4,0.91,14,2.23,40,8,5.01,8,52,1,2.66,6,4,0,1,0,0,9.2,1,1,3,53,3,5,0
BM2491,10,2.7,29,-0.4,9,26,2.22,12,82,0,6.11,5,7,1,0,0,1,11.8,3,1,3,57,2,1,1
BM2547,14,3.31,44,-5.18,15,33,12.68,4,198,1,4.36,5,6,0,1,0,1,13.2,2,0,1,82,2,2,0
BM2246,6,1.37,15,-4.19,0,16,3.36,6,0,0,3.12,6,3,0,0,1,1,13.7,1,0,3,39,3,1,1
BM2122,3,0.73,7,0.3,38,4,8.63,6,0,0,3.52,5,3,1,1,1,0,11.0,2,0,1,87,2,3,0
BM2578,11,2.71,35,-2.57,8,18,4.18,1,72,1,7.35,2,9,0,0,1,0,13.4,3,3,1,88,1,5,0
BM2206,8,1.95,22,5.78,16,16,3.54,2,96,0,0.63,1,8,0,0,1,0,16.4,1,0,1,100,2,1,1
BM2176,4,1.14,11,0.16,20,8,6.4,6,107,0,5.41,6,5,1,1,1,1,11.5,2,0,2,45,0,1,1
BM2648,9,2.19,27,0.68,1,16,2.96,4,67,0,4.71,4,12,1,1,1,0,9.1,2,0,1,100,1,1,1
BM2000,6,1.38,17,-2.76,4,10,5.1,6,82,1,4.34,0,11,1,0,0,0,10.2,3,0,1,94,2,2,0
BM2226,19,4.43,59,2.94,1,24,12.24,5,176,0,2.27,1,12,1,1,0,0,16.6,2,1,2,85,5,5,1
BM2758,6,1.21,18,3.05,23,12,4.72,2,27,0,1.11,3,6,1,0,1,0,14.1,1,1,1,65,3,2,1
BM2249,5,1.05,13,0.96,19,10,5.51,5,0,0,2.38,0,3,1,0,0,0,12.0,3,0,1,93,2,4,1
BM2469,15,3.69,46,-1.71,19,34,9.19,1,63,0,5.45,3,3,1,0,0,0,12.0,2,0,1,89,2,3,1
BM2108,5,1.12,13,1.73,20,3,3.25,3,87,0,5.0,0,11,0,1,0,0,17.3,1,0,1,85,3,5,1
BM2426,12,2.88,37,1.46,12,26,3.91,5,131,0,3.61,1,10,0,0,1,0,10.1,2,1,1,56,1,4,1
BM2005,7,1.65,20,-0.46,4,26,2.36,4,86,0,0.55,1,1,0,1,0,0,11.0,3,0,1,59,0,5,1
BM2260,15,3.77,46,-0.88,1,23,4.89,8,189,0,7.11,3,7,0,1,0,1,13.8,2,2,1,70,1,5,1
BM2751,30,7.07,91,-0.0,30,57,6.2,7,245,0,2.25,4,2,1,0,0,0,5.5,2,0,2,46,3,5,1
BM2313,10,2.27,28,1.27,5,17,5.4,2,123,0,3.22,4,2,0,1,0,1,12.9,3,2,1,88,1,3,1
BM2596,12,2.88,31,-1.48,3,12,6.44,6,106,0,6.52,4,6,0,1,0,0,11.5,2,1,3,59,1,5,1
BM2059,5,0.99,15,-0.2,22,6,5.05,7,64,1,1.17,4,8,1,1,1,0,15.5,3,0,1,80,0,5,0
BM2345,11,2.48,34,-2.61,15,18,7.07,12,107,0,4.68,4,9,0,0,0,0,9.4,3,0,1,76,1,2,1
BM2047,15,3.12,44,-0.97,2,26,12.7,5,156,0,1.52,2,12,0,0,1,0,16.8,2,0,3,93,2,5,1
BM2695,5,1.03,15,1.55,10,10,4.47,3,79,1,2.55,4,1,0,1,1,1,15.6,2,2,2,93,1,1,0
BM2302,7,1.81,22,-0.15,27,9,1.91,6,65,0,2.64,6,12,1,0,0,1,13.6,1,0,1,92,2,3,0
BM2642,5,1.17,14,-0.08,8,12,15.27,7,75,0,0.65,0,9,0,0,1,1,11.6,3,0,3,39,1,2,1
BM2286,8,1.77,25,4.34,3,18,3.9,5,92,0,1.7,0,9,1,1,0,2,13.0,1,0,1,54,2,4,1
BM2719,14,3.24,43,-1.04,4,33,3.31,3,100,0,12.51,6,3,0,1,1,2,15.8,2,0,1,70,1,2,1
BM2681,20,4.81,59,-1.07,0,38,12.08,3,237,0,2.72,0,8,0,0,1,1,8.5,2,2,2,68,3,2,1
BM2312,13,2.96,41,1.94,3,14,18.24,2,141,0,2.39,5,1,0,0,1,1,13.0,3,0,2,70,2,4,1
BM2777,10,2.26,29,3.02,4,5,17.72,6,46,1,5.47,2,6,0,1,0,0,17.1,3,1,3,91,1,5,0
BM2775,11,2.54,37,-0.16,4,19,7.0,1,111,0,0.41,5,10,0,0,1,0,3.4,2,1,1,66,2,1,0
BM2664,12,2.8,38,-0.78,23,22,2.3,5,85,0,0.94,1,9,1,0,1,0,17.3,3,1,3,75,0,2,1
BM2459,12,2.58,35,-0.44,6,28,4.73,1,112,0,0.79,0,1,1,0,1,0,16.3,3,0,2,88,1,1,1
BM2744,17,3.89,53,0.9,4,31,4.19,1,85,0,0.78,2,3,0,0,1,0,15.0,1,0,1,69,1,4,1
BM2460,7,1.59,21,0.37,5,17,4.65,6,0,0,5.09,2,6,1,1,0,1,20.5,1,1,3,95,3,1,1
BM2383,28,6.57,82,1.44,1,51,5.31,3,313,0,5.43,0,4,0,1,0,0,10.6,2,0,3,87,6,2,1
BM2017,7,1.7,24,1.94,4,16,2.5,4,34,1,0.79,1,11,0,0,0,0,12.1,1,0,1,42,2,3,0
BM2640,8,1.84,24,-0.2,6,11,11.33,3,0,0,2.51,5,7,0,0,0,0,10.1,1,1,3,88,2,3,1
BM2042,14,3.26,42,0.08,6,30,6.39,5,57,0,1.64,5,9,0,1,0,0,11.1,3,1,1,57,2,4,1
BM2702,5,1.28,14,-0.14,4,8,1.61,1,21,0,1.04,6,4,1,1,0,0,11.8,1,1,1,66,1,2,1
BM2737,9,2.06,25,-2.93,19,19,8.5,1,106,1,5.8,4,5,0,0,0,0,13.6,3,1,2,36,2,5,0
BM2709,12,2.85,40,3.17,4,22,7.53,1,122,0,0.87,0,2,0,0,0,0,15.1,1,1,2,54,2,3,1
BM2767,4,0.98,13,0.91,4,11,2.63,12,91,0,2.22,6,10,1,0,0,0,10.6,3,2,2,54,1,5,1
BM2511,6,1.57,17,-3.02,10,11,1.9,11,92,1,6.23,1,7,1,0,0,0,13.7,2,1,3,25,1,3,0
BM2076,15,3.36,45,-1.06,2,25,7.09,8,167,0,1.36,4,4,0,0,0,0,7.0,2,0,2,96,5,5,1
BM2141,16,3.61,49,2.61,9,44,4.63,10,123,0,3.54,4,7,0,0,0,0,14.1,2,1,3,78,6,3,1
BM2756,20,4.59,57,0.16,7,39,6.47,3,154,0,4.35,4,6,1,1,1,0,9.4,3,1,3,45,0,1,1
BM2585,10,2.35,30,0.51,30,23,7.44,6,31,0,3.14,1,9,1,1,1,0,10.7,1,1,3,34,1,1,1
BM2793,13,3.01,40,-0.68,1,22,18.48,7,25,0,0.43,5,3,1,1,1,1,10.0,1,0,3,53,0,1,1
BM2152,13,2.96,39,-1.3,2,17,4.7,7,147,1,1.35,5,7,1,1,1,0,13.3,2,0,3,34,0,1,0
BM2032,13,2.96,40,4.11,6,28,10.78,4,71,0,2.27,2,8,0,0,1,0,12.5,3,0,3,62,0,2,1
BM2015,15,3.41,45,1.36,14,22,7.99,3,113,0,1.93,6,11,0,0,0,0,15.6,1,2,3,100,0,3,1
BM2435,13,3.24,37,1.29,9,21,5.47,3,64,0,1.15,1,9,1,1,0,1,14.3,1,0,3,77,0,2,1
BM2498,19,4.61,53,-3.56,10,34,6.84,8,160,0,3.53,1,8,0,0,0,0,12.3,2,1,3,48,2,5,1
BM2619,15,3.48,45,-0.37,1,37,3.07,4,192,0,1.05,4,11,1,1,0,0,11.4,2,1,1,57,1,2,1
BM2505,12,2.79,36,-2.94,23,36,4.03,5,154,0,2.63,5,2,1,0,0,0,14.6,3,0,2,69,1,3,1
BM2403,10,2.27,28,0.28,8,11,10.06,5,30,0,3.61,1,9,1,1,1,0,10.5,2,0,1,74,3,5,1
BM2659,5,1.17,15,-2.92,14,12,5.6,1,45,0,3.09,2,9,1,1,1,0,18.0,2,0,1,35,0,3,1
BM2450,12,2.66,34,-4.55,3,17,5.06,5,106,0,6.1,5,10,1,1,0,0,11.1,1,0,2,100,1,5,1
BM2035,11,2.34,34,-0.49,8,19,10.5,3,69,1,2.62,2,10,0,1,1,0,6.7,2,1,1,74,2,1,0
BM2225,9,1.82,27,0.14,7,15,12.49,3,88,0,0.2,5,8,0,0,0,0,10.5,1,1,2,83,3,3,1
BM2172,17,3.88,50,0.73,5,34,4.23,6,157,0,1.73,5,9,0,1,0,0,5.9,1,3,2,94,0,3,1
BM2241,12,2.78,35,2.65,1,24,9.35,12,86,0,1.27,5,11,1,0,0,0,10.2,2,0,2,45,2,2,1
BM2529,5,1.24,13,-5.06,2,17,6.54,12,0,1,2.47,0,5,1,0,0,2,14.8,1,0,3,81,2,1,0
BM2343,14,3.22,39,-0.3,1,32,7.74,3,114,0,0.61,2,11,0,0,1,1,10.9,3,0,1,50,1,2,1
BM2156,15,3.48,45,0.14,12,31,5.69,9,81,0,1.95,6,6,0,1,0,0,13.8,3,0,1,80,1,2,1
BM2716,5,1.38,14,1.82,2,9,2.78,3,0,1,4.73,4,11,0,0,1,2,10.9,2,1,2,79,1,2,0
BM2768,7,1.79,21,-2.22,13,8,6.04,2,74,0,2.35,3,10,1,0,0,0,12.7,1,1,2,92,2,4,1
BM2707,8,1.85,21,-0.49,25,11,10.11,4,98,0,1.68,5,5,1,0,0,0,15.0,3,0,1,85,5,4,1
BM2506,13,2.97,39,-3.77,17,16,4.98,6,145,0,3.83,2,9,0,1,0,1,10.8,3,1,3,56,4,3,1
BM2783,7,1.54,19,-1.97,21,7,5.35,12,78,1,0.84,5,1,0,0,1,0,11.0,1,2,3,40,1,2,0
BM2555,8,1.98,25,-1.74,6,14,3.4,8,70,0,2.55,4,12,1,1,0,0,21.7,3,1,3,77,4,1,1
BM2215,18,4.15,56,4.2,1,24,3.44,2,85,1,3.49,4,1,0,1,1,1,13.7,1,1,3,76,2,2,0
BM2208,14,3.11,41,2.35,7,20,6.13,1,149,0,4.31,2,3,0,1,1,1,9.0,3,1,1,59,4,4,1
BM2064,8,1.87,22,-8.1,1,25,8.02,6,66,1,3.06,0,9,1,1,0,0,8.4,2,1,2,56,0,3,0
BM2010,8,1.8,23,-2.77,29,17,11.54,6,33,0,2.35,4,3,1,0,0,0,11.1,3,1,2,65,2,3,1
BM2623,5,1.22,16,-1.93,5,17,3.18,6,7,0,1.07,0,9,1,1,0,0,11.7,2,1,3,55,3,1,1
BM2785,5,0.97,14,-2.33,14,8,1.52,2,81,0,4.14,3,2,0,0,1,0,12.7,1,2,2,49,0,1,1
BM2178,13,3.09,40,-0.42,1,24,7.05,5,112,0,3.51,4,9,1,0,0,0,14.7,3,2,2,82,1,3,1
BM2252,8,1.71,21,1.71,1,18,10.04,5,50,1,3.34,6,11,1,0,1,3,16.2,3,0,2,70,0,2,0
BM2605,15,3.75,43,-0.99,20,26,3.84,13,142,1,1.35,4,11,0,1,0,1,16.4,2,1,2,84,2,3,0
BM2603,15,3.36,45,-3.81,7,30,20.13,8,137,0,4.04,6,11,1,1,0,0,14.6,3,1,2,92,3,5,1
BM2261,6,1.33,17,-2.91,52,10,3.12,2,34,0,2.41,0,2,0,0,0,0,11.2,2,0,3,82,2,4,0
BM2100,26,5.89,80,1.69,17,41,6.32,12,252,0,3.94,5,2,0,0,1,0,11.0,3,0,1,45,2,5,1
BM2167,7,1.7,19,-2.52,11,13,4.9,2,29,1,5.91,3,4,1,1,1,1,9.3,3,0,1,83,1,4,0
BM2577,30,6.91,85,-2.08,9,45,12.27,6,193,0,7.8,3,4,1,0,0,0,12.4,3,0,1,49,1,1,1
BM2314,12,2.85,37,3.27,4,30,6.17,5,131,0,4.11,1,11,0,0,0,0,11.3,1,0,3,63,1,2,1
BM2518,7,1.56,23,-1.19,23,6,13.1,9,89,0,1.89,0,4,1,0,0,0,13.8,3,0,3,79,3,3,1
BM2694,16,3.59,51,-1.12,5,28,12.03,1,135,0,6.16,1,8,0,1,1,0,14.8,2,1,2,94,0,4,1
BM2661,8,2.1,22,-0.76,12,8,2.49,2,102,0,1.51,3,3,1,1,1,0,16.5,1,0,1,81,0,1,1
BM2644,11,2.47,32,-3.57,1,12,3.26,2,61,0,1.67,1,9,1,1,0,2,13.1,3,1,1,57,1,4,0
BM2446,13,2.86,40,-1.17,6,33,14.34,8,82,0,4.13,1,5,0,1,0,0,13.0,3,1,1,90,1,3,1
BM2740,10,2.21,34,-2.2,14,18,5.76,4,30,0,1.44,3,11,0,0,1,0,15.2,2,0,1,82,2,3,0
BM2367,10,2.58,34,-1.76,2,21,8.96,8,84,0,9.89,4,8,1,0,0,1,6.2,3,1,2,66,2,5,1
BM2145,8,2.19,21,1.73,8,23,6.93,4,111,0,2.41,6,2,1,1,0,0,11.4,3,0,2,45,2,5,1
BM2362,23,5.41,67,2.38,3,31,10.48,4,199,0,1.79,5,11,0,1,1,1,10.7,3,0,3,48,1,4,1
BM2660,4,0.89,11,-4.18,42,12,6.65,5,54,0,5.97,6,10,1,0,0,0,14.4,2,0,1,50,5,3,0
BM2705,5,1.0,15,0.62,22,6,5.98,4,3,1,4.33,6,5,1,1,1,0,8.5,1,2,3,60,1,3,0
BM2734,17,4.03,48,0.36,0,33,10.46,2,103,0,0.5,0,12,0,1,1,2,6.6,1,0,3,48,4,1,1
BM2321,7,1.58,23,-3.7,5,15,2.67,2,44,0,0.39,1,5,0,0,0,2,8.8,3,0,1,38,1,2,1
BM2185,12,2.86,34,0.26,2,21,3.5,6,118,0,2.44,2,7,0,1,0,1,15.4,1,1,2,61,3,1,0
BM2653,9,1.89,24,2.58,7,23,3.78,4,14,0,2.46,6,9,0,1,0,1,12.7,2,2,2,88,0,3,1
BM2132,19,4.12,60,1.27,2,38,6.8,8,169,0,6.75,2,8,1,0,0,0,6.0,2,0,2,77,6,1,1
BM2630,12,2.65,34,2.2,0,24,5.31,1,132,0,6.8,1,1,0,1,0,0,10.1,2,1,1,62,1,2,0
BM2119,18,4.39,55,2.4,2,37,6.32,4,111,0,1.52,4,12,0,1,0,1,14.5,3,1,2,65,0,5,1
BM2784,15,3.47,45,0.24,3,26,3.92,11,98,0,1.64,4,1,1,1,0,1,16.5,1,0,2,70,2,1,1
BM2038,12,2.86,35,-3.99,7,26,6.29,3,30,0,5.71,1,2,1,0,1,1,10.0,3,1,3,68,2,5,1
BM2493,15,3.53,43,0.78,2,30,6.78,8,197,1,3.36,5,6,1,1,1,0,6.9,2,1,1,83,4,5,0
BM2733,14,3.3,41,-1.98,1,26,9.66,5,108,0,0.48,1,8,0,0,1,0,18.1,2,1,1,60,4,5,1
BM2338,6,1.39,14,-0.3,1,12,5.63,6,43,1,0.15,0,9,0,0,0,0,10.9,3,1,1,73,2,5,0
BM2084,11,2.52,35,-2.87,6,19,4.27,4,45,0,6.86,4,6,0,0,0,1,16.5,1,1,3,70,0,5,1
BM2224,11,2.5,30,0.81,16,20,4.75,5,154,0,4.29,0,11,1,0,1,0,10.3,3,0,2,69,1,4,1
BM2019,10,2.66,29,3.8,46,21,3.0,3,74,0,0.93,2,12,1,0,0,0,11.9,2,1,3,72,6,1,1
BM2072,6,1.6,16,0.37,29,11,4.63,4,0,1,3.62,5,12,0,1,0,0,12.2,3,0,1,73,3,4,0
BM2418,4,0.76,10,0.54,16,8,8.83,8,0,1,4.56,3,2,1,0,0,0,15.4,3,0,3,61,2,3,0
BM2075,9,1.87,23,-1.98,7,19,3.38,5,98,1,8.45,2,4,1,1,0,1,10.9,2,1,3,61,3,1,0
BM2380,6,1.42,21,1.27,6,12,5.24,1,0,0,1.18,3,5,0,1,0,0,15.3,2,1,1,99,3,4,1
BM2385,5,1.05,16,-0.66,20,17,2.09,5,71,0,3.83,5,7,1,0,1,0,11.8,2,0,2,66,2,4,1
BM2452,15,3.52,46,0.04,2,23,4.24,1,73,0,2.56,5,11,1,1,1,0,13.2,3,0,2,53,2,3,1
BM2264,4,0.86,12,-2.0,13,8,3.67,5,2,1,2.4,5,7,1,1,0,2,13.4,3,0,1,75,1,2,0
BM2040,15,3.46,43,-0.9,5,26,8.23,2,122,0,9.57,2,3,0,1,1,0,6.2,2,0,1,65,0,3,1
BM2428,20,4.75,56,-1.82,9,26,6.63,8,139,0,2.81,2,8,1,0,0,0,8.4,3,0,1,56,3,2,1
BM2160,11,2.51,33,0.55,2,24,2.54,4,128,0,4.19,2,1,0,0,0,1,13.5,1,0,3,41,2,4,1
BM2110,26,6.07,81,-1.15,9,45,5.87,4,263,0,3.19,1,5,0,1,0,0,11.7,3,0,2,77,1,3,1
BM2303,10,2.35,33,0.05,2,12,7.74,4,134,0,7.82,0,1,0,0,0,1,10.0,2,0,3,69,1,3,1
BM2761,9,2.16,21,-2.05,5,5,2.06,1,64,1,3.91,3,5,1,1,1,1,15.3,3,1,1,68,1,4,0
BM2048,13,2.95,39,-1.82,13,25,2.62,3,91,0,1.65,4,9,1,1,0,0,15.0,2,1,2,79,2,2,1
BM2509,21,4.76,63,4.21,6,40,4.93,2,161,0,0.21,2,9,1,0,0,0,14.5,3,0,3,57,1,2,1
BM2018,6,1.31,19,-4.19,60,14,10.32,1,63,1,1.32,1,5,1,0,0,0,15.6,2,2,3,70,5,5,0
BM2043,16,3.6,47,-3.34,3,31,2.78,9,94,0,3.26,3,10,1,0,0,0,20.2,3,0,2,61,2,2,1
BM2273,8,1.8,28,0.46,28,23,5.37,3,26,0,0.38,5,4,1,1,0,0,20.3,3,1,3,49,3,5,1
BM2443,13,3.16,34,-0.76,29,26,5.08,7,59,1,0.24,5,12,1,0,1,0,5.0,1,0,3,100,2,3,0
BM2090,5,1.06,16,-5.27,22,7,5.99,2,0,1,3.49,0,7,0,0,1,0,11.5,1,2,1,78,1,5,0
BM2275,9,1.97,30,1.53,25,29,2.31,4,34,1,0.8,1,5,1,1,0,0,12.4,2,0,1,67,1,5,0
BM2672,9,1.86,21,0.24,2,13,9.3,9,62,0,0.57,0,9,0,0,1,0,11.0,2,0,1,69,2,4,1
BM2114,20,4.59,60,2.97,2,44,4.24,1,116,0,1.34,6,7,1,0,0,1,12.3,3,1,2,36,0,1,1
BM2328,13,2.68,37,-3.65,4,32,8.64,1,148,0,2.84,0,1,1,1,0,0,13.9,2,0,1,58,0,5,1
BM2580,11,2.42,31,-1.18,3,28,3.63,3,88,0,1.08,0,12,0,1,0,0,14.3,3,1,3,100,2,5,1
BM2465,11,2.47,34,-4.04,10,23,5.39,1,121,0,0.85,5,9,1,0,0,0,12.4,2,1,1,94,0,3,1
BM2727,4,1.0,12,-2.63,8,6,6.5,2,49,0,2.15,0,8,1,1,0,0,21.2,1,0,1,70,1,5,1
BM2131,14,3.24,47,3.38,2,25,4.77,4,155,0,1.39,3,3,1,1,1,0,7.7,1,1,3,73,5,5,1
BM2001,6,1.27,20,-3.36,45,10,3.68,9,139,1,6.68,5,6,1,0,0,1,6.6,1,1,3,81,3,1,0
BM2699,8,1.9,23,-0.24,13,7,4.11,9,97,0,1.79,1,9,0,1,1,0,16.3,3,0,3,85,1,3,1
BM2227,4,0.72,15,-2.16,11,17,5.7,4,21,1,2.46,3,4,0,1,0,0,11.1,2,2,3,71,1,2,0
BM2690,12,2.64,34,1.64,6,20,3.71,9,101,0,1.98,0,8,1,1,0,0,12.2,1,1,2,43,1,1,1
BM2693,11,2.79,37,0.89,11,21,4.47,2,149,0,6.11,3,12,1,1,1,0,15.5,3,1,3,93,1,4,1
BM2133,13,3.0,44,-3.06,3,22,4.08,3,75,0,4.49,2,11,1,0,1,0,12.2,2,1,3,76,3,5,0
BM2735,6,1.27,19,0.01,21,12,1.89,2,15,0,3.51,6,7,0,1,1,1,13.8,1,1,2,90,3,5,1
BM2248,18,4.42,54,-2.04,9,38,5.16,2,205,1,10.45,5,10,0,0,1,0,10.4,1,2,1,53,1,2,0
BM2283,21,4.61,61,2.43,8,44,6.18,1,245,0,1.16,3,4,0,0,0,1,11.9,1,1,3,91,4,5,1
BM2496,3,0.8,11,1.69,8,8,3.03,10,0,0,4.26,0,10,1,1,1,0,14.3,2,0,3,100,4,4,1
BM2680,18,4.2,52,-1.87,11,42,5.42,5,183,0,2.74,3,12,1,1,1,1,7.9,1,1,3,47,1,3,1
BM2335,14,3.24,42,2.09,2,36,3.66,3,97,1,2.74,2,4,1,0,0,2,9.1,1,0,2,56,4,2,0
BM2439,13,3.12,36,1.94,9,17,15.49,2,79,0,5.23,0,4,0,0,0,0,13.9,3,0,1,75,5,5,1
BM2263,5,1.1,13,-3.35,0,4,6.33,1,97,0,1.9,3,10,1,1,1,2,12.7,3,0,3,59,2,3,1
BM2142,14,3.23,38,4.27,1,28,6.1,6,62,1,5.47,3,10,0,1,1,0,13.5,1,1,1,69,1,3,1
BM2245,10,2.43,29,-2.2,1,19,9.24,4,80,0,4.28,0,2,0,1,0,0,11.0,3,2,3,51,2,4,0
BM2027,23,5.35,69,-0.18,12,43,7.4,1,195,0,1.04,3,12,0,0,0,0,10.4,3,1,2,65,1,4,1
BM2441,29,6.65,84,-1.63,23,41,6.48,5,245,0,2.6,6,11,1,1,1,1,10.0,3,2,1,85,3,5,1
BM2138,23,5.34,72,0.05,12,38,11.95,4,159,1,4.2,4,8,0,1,0,0,14.7,2,0,1,74,2,3,0
BM2363,25,5.72,74,-0.25,1,49,5.68,3,203,0,0.3,2,10,0,0,1,0,11.1,3,0,1,77,0,4,1
BM2089,18,4.29,54,0.71,2,26,4.04,3,128,0,2.52,4,3,1,1,1,0,16.7,2,0,2,41,1,3,1
BM2023,8,1.84,27,-3.33,3,17,3.4,3,44,1,0.41,0,12,1,1,1,2,12.0,1,0,3,84,0,5,0
BM2608,8,1.93,26,1.71,23,17,6.88,6,91,1,2.35,2,2,1,0,0,0,14.3,2,0,2,56,4,3,0
BM2079,4,1.1,10,1.05,22,4,5.63,12,58,1,1.18,3,5,0,1,0,0,14.5,2,0,3,65,0,3,0
BM2125,6,1.3,17,3.41,5,16,3.33,6,70,0,4.42,2,7,1,1,0,0,15.1,3,1,2,59,1,4,1
BM2704,4,0.86,11,2.91,0,6,3.29,4,32,1,0.93,6,11,1,1,0,0,16.1,2,0,2,100,1,3,0
BM2242,10,2.32,26,0.55,2,26,7.67,2,91,0,4.01,0,12,1,0,0,0,14.4,1,0,2,58,1,1,1
BM2370,3,0.69,8,1.51,17,15,3.42,2,25,0,1.36,3,6,1,0,1,0,11.9,1,0,1,40,3,5,1
BM2683,12,2.92,34,0.57,10,24,3.16,3,58,0,1.64,4,2,1,1,1,0,15.7,1,1,1,37,2,3,1
BM2326,12,2.89,34,-2.19,6,23,4.62,5,72,1,5.1,1,11,1,1,1,1,15.4,2,1,3,90,1,3,0
BM2579,4,1.04,12,0.76,4,10,7.01,3,89,0,3.73,1,9,1,0,0,1,10.4,1,0,3,41,1,2,1
BM2657,5,1.01,13,0.55,22,12,5.52,2,54,1,2.33,2,5,0,1,0,0,9.9,1,1,3,73,3,4,0
BM2504,15,3.55,47,1.41,0,29,3.97,7,115,0,2.7,2,6,0,1,0,1,9.2,2,1,2,72,1,4,1
BM2408,5,1.07,15,1.99,3,15,9.68,5,76,0,2.78,0,1,1,0,0,0,11.7,2,2,2,66,3,4,1
BM2797,7,1.82,24,0.73,6,21,6.94,9,36,0,0.92,5,9,0,0,0,0,8.1,2,1,2,100,5,2,1
BM2081,16,3.7,45,0.22,15,33,10.94,2,135,0,3.38,6,5,1,0,0,1,10.3,2,2,1,50,2,3,1
BM2468,21,4.97,62,-2.76,2,39,10.25,3,155,0,2.77,5,10,1,0,0,1,13.5,2,1,3,40,1,5,1
BM2231,21,4.94,62,1.74,7,44,8.96,6,238,0,2.56,0,7,0,0,1,0,14.0,2,3,1,69,2,4,1
BM2501,4,0.93,10,2.27,6,7,7.67,2,3,1,1.84,5,11,1,1,0,0,17.7,2,0,2,48,3,5,0
BM2037,10,2.35,33,0.55,2,13,6.13,4,82,0,3.54,4,1,1,0,0,1,12.2,1,0,1,42,0,2,1
BM2140,18,4.27,54,-0.82,10,29,7.14,5,135,0,2.86,1,10,1,1,1,0,8.4,2,2,2,83,0,1,1
BM2546,17,3.92,53,2.1,2,34,11.85,1,98,0,1.47,1,12,1,0,0,1,17.7,3,1,1,95,3,1,1
BM2637,13,3.03,40,-2.02,1,30,2.89,3,119,0,1.01,1,12,1,1,0,1,15.8,3,0,3,18,1,4,1
BM2236,12,2.82,35,-0.19,3,26,11.19,6,59,0,4.42,4,1,1,1,0,0,17.6,2,1,3,71,1,2,1
BM2416,4,0.9,13,-3.27,11,7,1.69,8,0,1,1.42,0,8,1,1,1,0,15.3,3,0,2,53,1,5,0
BM2765,16,3.73,49,-0.99,12,32,12.88,6,157,0,1.02,4,1,1,1,0,0,15.5,1,1,1,44,3,5,1
BM2688,10,2.25,28,-3.35,25,15,2.07,2,96,1,2.54,5,5,1,0,1,1,12.3,3,1,2,60,0,1,0
BM2604,3,0.73,6,-3.53,3,10,2.93,3,90,1,0.93,6,12,0,0,0,0,13.2,1,2,1,86,2,5,0
BM2621,20,4.77,62,0.99,1,32,5.16,6,161,0,1.04,3,6,1,0,0,0,12.0,3,2,2,80,3,4,1
BM2583,7,1.58,23,3.08,1,28,10.83,14,24,0,1.25,4,3,0,1,0,0,9.1,2,0,2,30,1,5,1
BM2673,7,1.65,21,-0.94,3,17,3.59,6,102,0,1.99,1,8,1,0,0,1,19.3,2,1,2,74,1,4,1
BM2332,15,3.44,46,3.07,17,30,10.57,6,94,0,4.38,3,8,1,0,0,1,11.8,1,0,2,67,2,3,1
BM2269,5,1.2,17,-0.98,6,20,5.02,2,86,0,1.75,3,1,1,0,0,0,9.3,1,0,1,70,5,4,1
BM2337,17,3.93,51,0.16,0,25,4.76,9,175,0,0.91,4,1,1,1,1,0,13.9,2,1,2,100,1,3,1
BM2091,18,4.17,55,-2.11,4,24,3.49,6,191,0,2.5,4,12,1,0,0,0,6.7,1,1,1,0,2,2,1
BM2080,16,3.86,48,-0.81,5,26,14.39,2,198,0,3.95,2,2,0,0,0,0,13.2,3,0,2,64,3,5,1
BM2703,4,1.17,13,-1.0,24,11,2.96,3,57,1,7.81,1,12,1,1,0,0,10.6,2,1,1,43,3,1,0
