listing_id,neighborhood,latitude,longitude,bedrooms,bathrooms,sqft,walk_to_T_min,review_score,nightly_price
HL2256,Seaport,42.35266,-71.0413,0,1.0,395,4,4.91,235
HL2538,South Boston,42.34324,-71.0623,3,2.0,1135,9,4.68,205
HL2259,Seaport,42.34328,-71.04711,4,3.0,1390,7,4.69,495
HL2485,Charlestown,42.374,-71.06564,0,1.5,365,5,4.61,155
HL2453,Fenway-Kenmore,42.3457,-71.09385,2,2.0,840,8,4.04,195
HL2841,Dorchester,42.29181,-71.07666,3,2.0,1230,14,4.86,200
HL2862,Dorchester,42.29902,-71.0832,2,2.0,1090,22,4.61,160
HL2891,Dorchester,42.29302,-71.07453,2,2.0,990,12,4.38,135
HL2060,Back Bay,42.35297,-71.08043,2,2.0,890,5,4.88,405
HL2063,Back Bay,42.35068,-71.07454,1,1.5,455,6,4.35,295
HL2098,Beacon Hill,42.35969,-71.06605,2,2.0,870,3,4.13,325
HL2861,Dorchester,42.30125,-71.06768,2,2.0,900,8,4.56,165
HL2467,Charlestown,42.37855,-71.06179,2,2.0,805,10,4.55,210
HL2399,Fenway-Kenmore,42.3436,-71.10381,2,2.0,790,10,4.93,220
HL2372,South End,42.34865,-71.08077,1,1.0,570,9,4.74,235
HL2108,Beacon Hill,42.35668,-71.07347,1,1.5,505,2,4.62,325
HL2513,South Boston,42.34158,-71.04231,3,2.0,1235,25,4.5,245
HL2204,North End,42.36673,-71.05364,1,1.5,510,6,4.73,205
HL2457,Fenway-Kenmore,42.34152,-71.09374,1,1.0,695,5,4.45,255
HL2887,Dorchester,42.30519,-71.06548,1,1.0,855,14,4.37,145
HL2574,South Boston,42.33427,-71.03596,1,1.5,575,5,4.36,155
HL2153,North End,42.36284,-71.0563,0,1.0,445,8,4.54,235
HL2681,Jamaica Plain,42.31062,-71.11522,3,2.0,1455,5,4.78,170
HL2593,East Boston,42.37034,-71.0277,2,2.0,845,8,4.84,190
HL2168,North End,42.36557,-71.05499,3,2.0,605,2,4.93,240
HL2445,Fenway-Kenmore,42.34773,-71.10404,1,1.0,505,6,4.73,190
HL2898,Dorchester,42.30037,-71.05276,2,2.0,950,6,4.86,140
HL2652,Jamaica Plain,42.32168,-71.10387,2,2.5,1055,2,4.89,195
HL2503,Charlestown,42.3778,-71.06807,3,2.5,1155,12,4.82,360
HL2551,South Boston,42.33669,-71.03382,2,2.0,1075,11,4.83,260
HL2294,Downtown,42.35379,-71.05192,3,2.0,1060,2,4.27,350
HL2478,Charlestown,42.38528,-71.06416,1,2.0,620,22,4.87,160
HL2489,Charlestown,42.38055,-71.05961,3,2.0,1030,18,4.9,290
HL2578,East Boston,42.366,-71.03569,2,2.0,940,10,4.19,130
HL2417,Fenway-Kenmore,42.35058,-71.09636,2,2.0,765,5,4.92,250
HL2261,Downtown,42.35772,-71.05721,4,2.5,1370,4,4.28,455
HL2525,South Boston,42.33375,-71.03623,3,2.5,1770,19,4.59,395
HL2134,Beacon Hill,42.35575,-71.06943,1,1.5,625,1,4.49,265
HL2472,Charlestown,42.37616,-71.06074,2,1.5,760,4,4.24,210
HL2878,Dorchester,42.29165,-71.07931,1,1.5,805,10,4.77,110
HL2110,Beacon Hill,42.35919,-71.0719,1,1.5,545,3,4.37,280
HL2508,South Boston,42.34403,-71.0409,1,1.0,550,12,4.83,185
HL2774,Allston-Brighton,42.34867,-71.12972,0,1.0,465,25,4.95,95
HL2244,Seaport,42.35896,-71.04216,1,2.0,630,9,4.64,340
HL2482,Charlestown,42.37504,-71.0662,1,1.5,565,7,4.64,210
HL2099,Beacon Hill,42.35397,-71.07197,1,1.5,395,8,4.29,245
HL2455,Fenway-Kenmore,42.3416,-71.09584,2,1.5,720,5,4.76,265
HL2614,East Boston,42.36759,-71.03724,3,2.0,1475,4,4.42,165
HL2511,South Boston,42.32747,-71.04298,4,2.5,1545,4,4.65,265
HL2053,Back Bay,42.3517,-71.09135,3,2.5,1435,2,4.87,460
HL2013,Back Bay,42.35138,-71.0816,3,2.0,1155,3,4.8,490
HL2747,Allston-Brighton,42.35476,-71.12653,1,1.5,895,4,4.38,175
HL2825,Mission Hill,42.33036,-71.10679,0,1.0,415,6,4.93,95
HL2487,Charlestown,42.382,-71.05424,4,3.0,1555,14,4.75,340
HL2889,Dorchester,42.28832,-71.08141,2,2.0,1020,7,4.94,140
HL2026,Back Bay,42.3523,-71.08102,2,1.5,710,2,4.76,400
HL2109,Beacon Hill,42.36055,-71.06939,0,1.0,320,5,4.93,260
HL2046,Back Bay,42.35594,-71.08029,1,1.5,525,4,3.98,370
HL2464,Charlestown,42.3754,-71.06414,0,1.5,475,7,4.94,180
HL2724,Allston-Brighton,42.3559,-71.14798,1,1.5,635,5,4.9,150
HL2209,North End,42.37029,-71.05529,1,1.5,515,2,4.48,250
HL2849,Dorchester,42.30828,-71.06365,4,2.5,1655,5,4.67,155
HL2308,South End,42.344,-71.06875,3,2.5,1640,11,4.6,425
HL2657,Jamaica Plain,42.30411,-71.12338,2,2.0,835,11,4.87,180
HL2463,Charlestown,42.37765,-71.06609,3,2.0,1135,7,4.2,255
HL2731,Allston-Brighton,42.366,-71.14643,2,2.0,1260,3,4.86,190
HL2057,Back Bay,42.3437,-71.08345,2,2.5,945,6,4.88,490
HL2492,Charlestown,42.38141,-71.05979,2,2.0,925,12,4.85,210
HL2586,East Boston,42.37232,-71.03905,1,1.5,850,2,4.65,180
HL2216,Seaport,42.34928,-71.04361,1,1.0,795,3,4.67,435
HL2609,East Boston,42.37086,-71.03686,4,3.0,1570,3,4.18,260
HL2061,Back Bay,42.34433,-71.07828,1,2.0,630,2,4.91,365
HL2323,South End,42.33705,-71.06635,1,1.5,735,7,4.47,310
HL2815,Mission Hill,42.32898,-71.0977,4,2.5,1475,4,4.68,230
HL2800,Mission Hill,42.33002,-71.09639,2,2.5,850,5,4.94,165
HL2480,Charlestown,42.37876,-71.06122,2,1.5,1005,18,4.86,245
HL2856,Dorchester,42.30224,-71.08485,4,2.5,2235,6,4.54,175
HL2686,Jamaica Plain,42.31099,-71.11864,1,2.0,805,12,4.45,155
HL2585,East Boston,42.36368,-71.03761,1,1.5,705,10,4.69,135
HL2140,North End,42.36355,-71.05944,2,1.5,615,7,4.48,285
HL2580,East Boston,42.36404,-71.03495,4,3.5,1900,6,5.0,205
HL2232,Seaport,42.34717,-71.04486,1,2.0,630,9,4.83,300
HL2569,South Boston,42.33646,-71.05638,0,1.0,535,9,4.83,185
HL2179,North End,42.367,-71.05672,1,1.0,535,5,4.65,200
HL2330,South End,42.33865,-71.06702,1,1.5,890,10,4.87,240
HL2034,Back Bay,42.35495,-71.07964,1,2.0,670,3,4.28,350
HL2367,South End,42.34638,-71.08462,2,1.5,680,4,4.69,250
HL2821,Mission Hill,42.32409,-71.09898,4,2.5,1355,5,4.07,140
HL2094,Beacon Hill,42.35904,-71.07051,1,1.0,460,4,4.34,295
HL2859,Dorchester,42.29469,-71.07366,3,3.0,1535,3,4.72,190
HL2228,Seaport,42.35018,-71.05079,3,1.5,1240,7,4.89,585
HL2125,Beacon Hill,42.35957,-71.07508,1,1.0,575,6,4.63,245
HL2270,Downtown,42.36249,-71.05783,1,1.5,450,4,4.77,235
HL2347,South End,42.34155,-71.07973,2,2.5,1030,3,4.53,335
HL2540,South Boston,42.33747,-71.04017,1,1.5,745,20,4.73,225
HL2570,South Boston,42.34147,-71.04221,4,3.0,1615,13,4.89,355
HL2442,Fenway-Kenmore,42.3409,-71.09158,0,1.0,450,3,4.92,240
HL2690,Jamaica Plain,42.31611,-71.12678,1,1.0,655,12,4.71,160
HL2484,Charlestown,42.37927,-71.06319,3,2.5,1090,9,4.3,325
HL2870,Dorchester,42.29747,-71.07242,2,2.0,1450,5,4.88,170
HL2899,Dorchester,42.30008,-71.05622,3,3.0,1310,14,4.85,170
HL2305,South End,42.33485,-71.07609,2,2.0,1030,5,4.87,305
HL2817,Mission Hill,42.32733,-71.10281,3,3.0,1205,10,4.77,165
HL2682,Jamaica Plain,42.31028,-71.11837,1,1.5,800,10,4.85,160
HL2674,Jamaica Plain,42.31221,-71.09646,1,1.5,615,11,4.91,150
HL2814,Mission Hill,42.32755,-71.0964,2,2.0,815,2,4.54,145
HL2251,Seaport,42.35138,-71.04898,1,2.0,655,4,4.92,360
HL2316,South End,42.34266,-71.078,3,2.0,1075,4,4.79,350
HL2148,North End,42.3641,-71.05639,1,2.0,530,5,4.73,295
HL2552,South Boston,42.33138,-71.03992,1,2.0,655,13,4.8,200
HL2471,Charlestown,42.37581,-71.0584,0,1.0,540,5,4.63,165
HL2388,Fenway-Kenmore,42.3514,-71.09868,4,3.0,1055,5,4.53,295
HL2355,South End,42.34089,-71.07494,1,1.5,550,2,4.27,230
HL2832,Mission Hill,42.32592,-71.09781,1,1.5,730,7,4.91,130
HL2618,East Boston,42.36813,-71.04008,2,2.0,740,8,4.88,180
HL2253,Seaport,42.35714,-71.04423,2,1.5,1040,5,4.77,375
HL2875,Dorchester,42.29281,-71.06232,2,2.0,1000,13,4.07,90
HL2146,North End,42.37053,-71.05654,2,2.0,620,7,4.86,305
HL2164,North End,42.36622,-71.055,1,2.0,495,6,4.78,270
HL2662,Jamaica Plain,42.3088,-71.11053,2,2.0,1000,4,4.82,210
HL2701,Jamaica Plain,42.30884,-71.12092,2,2.0,1245,19,4.44,170
HL2237,Seaport,42.35153,-71.04456,2,1.5,765,4,4.5,395
HL2776,Allston-Brighton,42.34882,-71.14311,1,1.5,595,12,4.51,130
HL2567,South Boston,42.33019,-71.03711,4,2.5,1625,13,4.77,280
HL2324,South End,42.33662,-71.07977,2,2.5,840,8,4.68,305
HL2048,Back Bay,42.35014,-71.0823,1,1.5,600,2,4.86,330
HL2128,Beacon Hill,42.35921,-71.07354,1,1.0,515,3,4.16,255
HL2271,Downtown,42.34601,-71.05811,2,2.5,1095,3,4.49,430
HL2074,Back Bay,42.34495,-71.0741,3,2.0,1165,6,4.67,460
HL2837,Dorchester,42.29656,-71.06871,3,3.0,2270,14,4.69,240
HL2632,East Boston,42.36565,-71.0389,1,1.0,810,4,4.75,155
HL2626,East Boston,42.37358,-71.03754,2,2.0,800,6,4.94,165
HL2205,North End,42.36673,-71.05391,1,1.0,475,8,4.51,245
HL2159,North End,42.36155,-71.05922,1,1.0,385,4,4.75,260
HL2794,Mission Hill,42.31942,-71.09755,1,1.0,700,9,4.27,100
HL2833,Mission Hill,42.32469,-71.09904,1,1.5,715,6,4.84,135
HL2097,Beacon Hill,42.35849,-71.06961,0,1.0,380,9,4.58,215
HL2328,South End,42.34405,-71.07235,0,1.0,320,9,4.79,135
HL2765,Allston-Brighton,42.35288,-71.12627,1,1.5,870,7,4.98,150
HL2127,Beacon Hill,42.35607,-71.07136,1,1.5,430,12,4.72,275
HL2437,Fenway-Kenmore,42.3474,-71.09518,2,1.5,1020,5,4.34,235
HL2297,Downtown,42.35177,-71.05443,0,1.0,410,8,4.59,225
HL2596,East Boston,42.36052,-71.03976,2,2.0,1125,9,4.97,235
HL2080,Back Bay,42.34698,-71.07754,2,2.0,570,4,4.23,335
HL2562,South Boston,42.33071,-71.05419,2,2.0,960,14,4.89,275
HL2336,South End,42.33591,-71.07526,1,1.0,595,11,4.84,175
HL2514,South Boston,42.32913,-71.03858,4,2.5,2000,10,4.53,290
HL2542,South Boston,42.33736,-71.04275,1,1.0,665,7,4.96,185
HL2403,Fenway-Kenmore,42.34643,-71.09486,3,3.0,1265,6,4.65,315
HL2744,Allston-Brighton,42.35932,-71.13718,0,1.0,560,5,4.74,105
HL2702,Jamaica Plain,42.30851,-71.1076,4,3.5,1675,9,4.68,250
HL2658,Jamaica Plain,42.31681,-71.11268,2,1.5,700,1,4.61,170
HL2571,South Boston,42.33007,-71.04817,1,1.5,705,13,4.52,230
HL2577,East Boston,42.37009,-71.04517,1,1.5,595,5,4.76,160
HL2807,Mission Hill,42.32429,-71.08996,2,2.0,900,7,4.93,150
HL2611,East Boston,42.36466,-71.04464,3,2.5,1635,6,4.92,240
HL2677,Jamaica Plain,42.31499,-71.10934,1,2.0,720,17,4.8,180
HL2788,Mission Hill,42.32961,-71.09786,2,2.0,1200,7,4.84,185
HL2684,Jamaica Plain,42.30937,-71.10665,0,1.0,525,6,4.18,100
HL2414,Fenway-Kenmore,42.34217,-71.09887,2,2.0,700,2,4.81,260
HL2587,East Boston,42.38534,-71.03707,3,2.5,1035,2,4.96,200
HL2352,South End,42.34116,-71.07461,2,2.5,745,18,4.49,235
HL2171,North End,42.36257,-71.05491,1,2.0,330,3,4.85,270
HL2365,South End,42.34163,-71.08245,2,2.0,1030,4,4.68,315
HL2015,Back Bay,42.35028,-71.0764,2,1.5,1000,3,4.83,490
HL2673,Jamaica Plain,42.3075,-71.10704,2,2.0,1115,16,4.23,145
HL2431,Fenway-Kenmore,42.34341,-71.09779,0,1.5,500,4,4.79,265
HL2713,Allston-Brighton,42.34755,-71.12889,1,2.0,720,4,4.8,175
HL2768,Allston-Brighton,42.35521,-71.13139,0,1.0,405,4,4.19,115
HL2531,South Boston,42.33086,-71.05088,1,1.5,630,10,4.47,140
HL2893,Dorchester,42.30022,-71.06509,2,2.0,1010,7,4.92,180
HL2147,North End,42.36327,-71.05189,3,2.0,905,6,4.95,290
HL2441,Fenway-Kenmore,42.34471,-71.09447,1,1.5,620,5,4.87,240
HL2454,Fenway-Kenmore,42.35126,-71.10088,1,1.5,760,4,4.68,290
HL2285,Downtown,42.35632,-71.05764,0,1.0,505,1,4.42,290
HL2242,Seaport,42.35016,-71.04849,0,1.0,550,7,4.79,260
HL2842,Dorchester,42.31373,-71.07712,2,2.0,1150,8,3.56,125
HL2138,Beacon Hill,42.35913,-71.07083,1,1.5,415,4,4.78,285
HL2054,Back Bay,42.3507,-71.08474,3,2.0,1020,3,3.96,375
HL2798,Mission Hill,42.32577,-71.09997,1,2.0,535,4,4.47,125
HL2696,Jamaica Plain,42.30243,-71.112,3,2.0,1420,9,4.55,170
HL2706,Allston-Brighton,42.35491,-71.14176,2,1.5,1045,4,4.84,145
HL2592,East Boston,42.37321,-71.03741,2,2.0,1145,13,4.93,180
HL2635,Jamaica Plain,42.30502,-71.10005,2,2.0,1020,4,4.56,155
HL2022,Back Bay,42.35244,-71.07779,3,2.5,1260,2,4.86,510
HL2816,Mission Hill,42.32406,-71.09359,1,1.0,790,3,4.7,165
HL2865,Dorchester,42.3058,-71.07226,2,1.5,1560,10,4.71,165
HL2804,Mission Hill,42.32706,-71.10052,1,1.5,700,10,4.45,120
HL2530,South Boston,42.33375,-71.04381,3,2.5,1770,14,4.72,320
HL2883,Dorchester,42.30696,-71.06059,4,3.0,1880,12,4.75,165
HL2725,Allston-Brighton,42.35548,-71.13066,2,1.0,1335,6,4.85,150
HL2387,Fenway-Kenmore,42.34165,-71.0996,3,2.5,1135,7,4.28,300
HL2283,Downtown,42.35331,-71.05445,3,3.0,790,6,4.64,285
HL2466,Charlestown,42.37587,-71.05821,2,1.5,885,8,4.81,260
HL2783,Mission Hill,42.32677,-71.10461,3,2.0,1025,12,4.78,175
HL2142,North End,42.36503,-71.05561,0,1.0,340,6,4.61,220
HL2050,Back Bay,42.35868,-71.07742,2,2.5,905,4,4.53,375
HL2780,Mission Hill,42.32492,-71.10644,0,1.5,545,6,4.55,125
HL2737,Allston-Brighton,42.35844,-71.15675,1,1.5,760,10,4.7,145
HL2446,Fenway-Kenmore,42.34824,-71.09891,2,1.5,555,6,4.7,205
HL2556,South Boston,42.32844,-71.04526,2,1.5,855,13,4.7,240
HL2602,East Boston,42.37459,-71.04394,2,1.5,1065,7,4.49,165
HL2081,Back Bay,42.34307,-71.07323,1,1.5,680,3,4.66,360
HL2830,Mission Hill,42.32548,-71.09558,1,1.5,680,17,4.87,120
HL2397,Fenway-Kenmore,42.34791,-71.10052,4,2.0,1585,5,4.8,365
HL2749,Allston-Brighton,42.36446,-71.13438,2,1.5,895,13,4.68,140
HL2810,Mission Hill,42.33075,-71.09573,2,2.5,1015,4,4.73,175
HL2597,East Boston,42.36365,-71.03882,3,2.5,1380,1,4.67,220
HL2066,Back Bay,42.34731,-71.08671,1,1.5,580,8,4.7,245
HL2672,Jamaica Plain,42.30899,-71.1263,2,1.5,845,4,4.84,225
HL2009,Back Bay,42.34793,-71.08051,3,2.5,1455,3,4.76,570
HL2644,Jamaica Plain,42.31323,-71.11891,2,2.0,1200,11,4.56,160
HL2793,Mission Hill,42.33293,-71.09966,1,2.0,850,3,4.71,105
HL2222,Seaport,42.35406,-71.04639,1,2.0,520,5,4.48,280
HL2451,Fenway-Kenmore,42.34666,-71.08933,2,1.5,835,4,4.94,275
HL2375,South End,42.33763,-71.07555,2,2.5,910,6,4.88,285
HL2727,Allston-Brighton,42.35215,-71.12231,1,1.0,520,8,4.4,95
HL2113,Beacon Hill,42.35898,-71.06794,1,1.5,500,5,4.67,320
HL2396,Fenway-Kenmore,42.34856,-71.09927,1,1.0,745,10,4.29,170
HL2651,Jamaica Plain,42.31304,-71.12197,3,3.0,1495,9,4.47,215
HL2418,Fenway-Kenmore,42.34848,-71.09243,2,2.0,915,8,4.46,275
HL2064,Back Bay,42.34025,-71.0806,1,1.5,630,2,4.89,290
HL2811,Mission Hill,42.33074,-71.10066,2,1.5,1010,10,4.66,140
HL2264,Downtown,42.35364,-71.05757,2,2.0,710,3,4.87,365
HL2641,Jamaica Plain,42.30753,-71.10577,2,2.5,980,9,4.55,165
HL2327,South End,42.34143,-71.07347,1,1.5,750,2,4.77,315
HL2377,South End,42.34474,-71.07798,2,1.5,850,4,4.75,240
HL2839,Dorchester,42.30111,-71.05841,1,1.0,590,13,4.81,110
HL2020,Back Bay,42.35284,-71.08248,1,1.5,580,6,4.61,295
HL2299,Downtown,42.35568,-71.05509,1,1.5,495,3,4.73,265
HL2688,Jamaica Plain,42.31471,-71.1222,0,1.0,455,9,4.79,105
HL2409,Fenway-Kenmore,42.34756,-71.09738,2,1.5,720,4,4.92,310
HL2389,Fenway-Kenmore,42.34828,-71.09902,2,1.5,770,5,4.79,190
HL2318,South End,42.34354,-71.0698,1,2.0,495,7,4.65,185
HL2339,South End,42.34079,-71.07833,2,1.5,840,5,4.32,315
HL2645,Jamaica Plain,42.29949,-71.1154,3,2.0,1690,13,4.78,200
HL2563,South Boston,42.33755,-71.04706,2,2.0,1165,14,4.81,270
HL2350,South End,42.3389,-71.07877,1,1.0,555,17,4.97,185
HL2653,Jamaica Plain,42.31399,-71.11527,4,2.5,2300,9,4.19,255
HL2051,Back Bay,42.35374,-71.07777,2,2.0,745,2,4.72,435
HL2186,North End,42.36341,-71.05156,1,1.0,470,5,4.7,215
HL2888,Dorchester,42.29833,-71.07839,2,2.0,895,14,3.4,95
HL2610,East Boston,42.37956,-71.04375,2,2.0,1105,9,3.92,145
HL2025,Back Bay,42.35438,-71.07642,2,2.0,1015,6,4.86,395
HL2510,South Boston,42.33577,-71.05005,1,1.5,675,4,4.95,225
HL2334,South End,42.34647,-71.07327,2,1.5,895,7,4.32,245
HL2722,Allston-Brighton,42.36079,-71.12243,4,3.0,1675,11,4.44,210
HL2740,Allston-Brighton,42.34766,-71.13285,1,1.0,565,18,4.65,115
HL2188,North End,42.36512,-71.05098,0,1.5,350,4,4.76,230
HL2582,East Boston,42.37281,-71.03262,4,3.0,1500,5,4.96,280
HL2465,Charlestown,42.37393,-71.06176,1,1.5,750,6,4.73,295
HL2757,Allston-Brighton,42.35959,-71.14998,3,3.0,1540,8,4.57,210
HL2220,Seaport,42.3548,-71.04723,2,2.0,950,4,4.82,460
HL2296,Downtown,42.35398,-71.05401,0,1.0,280,6,4.37,175
HL2277,Downtown,42.35385,-71.05716,2,2.0,780,2,4.73,320
HL2024,Back Bay,42.34891,-71.07342,3,2.5,1265,3,4.9,675
HL2720,Allston-Brighton,42.35387,-71.14234,1,1.5,905,9,4.75,125
HL2557,South Boston,42.33247,-71.03911,1,1.5,700,10,4.44,220
HL2835,Dorchester,42.2989,-71.07705,2,2.0,1085,7,4.56,155
HL2491,Charlestown,42.37878,-71.05659,2,2.0,765,4,4.62,255
HL2613,East Boston,42.36472,-71.03239,0,1.0,425,10,4.84,130
HL2728,Allston-Brighton,42.3556,-71.13835,1,1.5,860,10,4.12,130
HL2357,South End,42.33818,-71.08116,3,2.5,1135,7,4.22,305
HL2680,Jamaica Plain,42.3097,-71.11632,2,1.5,1105,22,4.38,120
HL2385,Fenway-Kenmore,42.3471,-71.08758,1,1.5,630,9,4.44,190
HL2621,East Boston,42.36817,-71.04015,3,2.0,1310,4,4.79,245
HL2836,Dorchester,42.31122,-71.05834,2,2.0,1125,5,4.78,140
HL2351,South End,42.34608,-71.08035,2,2.5,1195,5,4.08,250
HL2218,Seaport,42.35093,-71.05061,2,2.0,1120,3,4.98,575
HL2239,Seaport,42.35227,-71.04589,2,2.0,910,7,4.22,335
HL2625,East Boston,42.37633,-71.03442,2,2.0,885,4,4.4,205
HL2659,Jamaica Plain,42.30679,-71.11636,2,1.5,1120,8,4.7,250
HL2192,North End,42.36455,-71.0565,1,1.5,430,4,4.5,245
HL2191,North End,42.36598,-71.05652,2,2.5,640,4,4.73,280
HL2526,South Boston,42.33526,-71.03878,0,1.5,460,16,4.96,130
HL2595,East Boston,42.36596,-71.03612,3,2.0,1235,4,4.91,230
HL2132,Beacon Hill,42.35688,-71.06938,2,1.5,745,4,4.9,355
HL2847,Dorchester,42.2997,-71.0907,3,2.5,1450,8,4.85,155
HL2252,Seaport,42.35386,-71.04152,0,2.0,365,1,3.97,205
HL2601,East Boston,42.37219,-71.04704,0,1.5,455,8,4.67,170
HL2263,Downtown,42.35554,-71.05906,2,2.5,930,4,4.62,370
HL2070,Back Bay,42.35294,-71.08814,3,2.5,1170,2,4.59,550
HL2272,Downtown,42.35758,-71.05087,3,2.5,1245,3,4.86,450
HL2423,Fenway-Kenmore,42.3451,-71.1005,1,1.5,380,7,4.92,175
HL2115,Beacon Hill,42.3589,-71.0697,1,1.0,435,5,3.98,225
HL2289,Downtown,42.3544,-71.0592,1,1.5,590,1,4.93,390
HL2655,Jamaica Plain,42.31268,-71.10865,1,1.5,640,10,4.72,170
HL2693,Jamaica Plain,42.30552,-71.11766,3,2.0,1330,10,4.78,185
HL2541,South Boston,42.32913,-71.05046,2,2.0,1115,16,4.69,195
HL2498,Charlestown,42.37912,-71.06095,2,1.5,820,10,4.68,215
HL2278,Downtown,42.34999,-71.05825,2,1.5,715,1,4.23,305
HL2002,Back Bay,42.34712,-71.08306,2,1.5,905,4,4.61,325
HL2229,Seaport,42.3481,-71.0446,2,2.0,705,13,4.9,320
HL2493,Charlestown,42.37812,-71.06364,2,1.5,905,8,4.74,205
HL2532,South Boston,42.33247,-71.04588,3,2.0,1105,8,4.41,225
HL2770,Allston-Brighton,42.35287,-71.13172,1,1.5,645,11,4.56,135
HL2199,North End,42.36895,-71.05187,2,2.5,735,4,4.63,325
HL2572,South Boston,42.33598,-71.05632,2,2.0,855,12,4.5,295
HL2746,Allston-Brighton,42.35386,-71.12223,3,3.0,1175,1,4.64,255
HL2065,Back Bay,42.33906,-71.08539,2,1.5,750,8,4.73,330
HL2449,Fenway-Kenmore,42.35076,-71.10184,3,2.0,1180,6,4.78,285
HL2700,Jamaica Plain,42.30909,-71.10896,2,2.0,1185,3,4.66,220
HL2656,Jamaica Plain,42.31487,-71.11152,2,2.5,1000,13,4.93,165
HL2362,South End,42.34198,-71.08075,1,1.0,640,7,4.85,235
HL2408,Fenway-Kenmore,42.34781,-71.09748,1,1.5,510,14,4.49,170
HL2419,Fenway-Kenmore,42.34295,-71.09175,2,2.0,945,7,4.89,240
HL2273,Downtown,42.35849,-71.05999,3,2.5,890,9,4.7,280
HL2390,Fenway-Kenmore,42.34452,-71.10062,0,1.0,340,2,4.79,155
HL2679,Jamaica Plain,42.30677,-71.12191,2,2.0,1135,5,4.7,175
HL2177,North End,42.3639,-71.05464,1,1.5,380,3,4.81,300
HL2300,Downtown,42.36111,-71.05115,4,3.0,1520,3,4.57,435
HL2037,Back Bay,42.35313,-71.08538,1,1.5,505,3,4.76,310
HL2202,North End,42.36532,-71.05193,3,1.5,1240,10,4.91,485
HL2236,Seaport,42.34985,-71.04402,1,1.5,580,5,4.66,325
HL2149,North End,42.36659,-71.05649,3,2.0,800,4,4.54,425
HL2217,Seaport,42.35174,-71.04245,1,1.5,645,9,4.67,275
HL2603,East Boston,42.36632,-71.03767,1,1.5,455,3,4.96,185
HL2505,South Boston,42.33956,-71.0473,1,1.5,705,5,4.85,270
HL2473,Charlestown,42.38641,-71.06532,1,1.5,765,9,4.38,230
HL2544,South Boston,42.33244,-71.05252,2,2.0,900,20,4.85,225
HL2326,South End,42.33935,-71.07478,2,1.5,900,8,4.91,350
HL2302,Downtown,42.36167,-71.05991,1,2.0,685,3,4.53,295
HL2769,Allston-Brighton,42.35508,-71.14423,1,1.0,615,12,4.8,120
HL2820,Mission Hill,42.32818,-71.09466,2,2.0,905,10,4.48,130
HL2598,East Boston,42.3735,-71.02959,1,2.5,500,7,3.53,170
HL2827,Mission Hill,42.32934,-71.10145,4,3.0,1615,4,4.98,215
HL2751,Allston-Brighton,42.34821,-71.12258,3,2.0,1265,8,4.09,140
HL2663,Jamaica Plain,42.3003,-71.1053,2,1.5,1030,6,4.87,165
HL2664,Jamaica Plain,42.3027,-71.11456,1,1.0,825,4,4.84,195
HL2193,North End,42.36298,-71.05425,3,2.5,865,4,4.77,395
HL2235,Seaport,42.35098,-71.0459,1,1.0,495,10,4.89,345
HL2748,Allston-Brighton,42.36163,-71.13595,2,1.5,975,12,4.87,145
HL2055,Back Bay,42.35058,-71.08037,2,1.5,825,4,4.39,420
HL2371,South End,42.3427,-71.06413,4,3.0,1645,13,4.79,310
HL2096,Beacon Hill,42.36154,-71.07344,2,1.5,795,4,4.81,400
HL2141,North End,42.36358,-71.05462,1,1.0,450,5,4.86,260
HL2623,East Boston,42.36369,-71.03856,1,1.5,565,5,4.76,145
HL2773,Allston-Brighton,42.34262,-71.13901,3,2.0,1395,12,4.87,195
HL2860,Dorchester,42.29935,-71.05938,2,2.0,1130,7,4.73,175
HL2691,Jamaica Plain,42.30388,-71.11806,3,2.5,1220,4,4.86,320
HL2120,Beacon Hill,42.35852,-71.07642,4,3.0,1185,5,4.27,325
HL2411,Fenway-Kenmore,42.35219,-71.10146,2,2.5,765,5,4.64,265
HL2062,Back Bay,42.35005,-71.08067,1,2.0,430,2,4.95,310
HL2782,Mission Hill,42.32743,-71.10473,1,2.0,690,9,4.4,125
HL2360,South End,42.34376,-71.07307,1,1.5,790,19,4.29,200
HL2003,Back Bay,42.34778,-71.08146,1,1.5,605,4,4.57,325
HL2058,Back Bay,42.35423,-71.07186,2,2.0,880,2,4.98,490
HL2223,Seaport,42.35424,-71.04183,1,1.5,625,6,4.66,345
HL2785,Mission Hill,42.32783,-71.0981,1,1.5,730,4,4.42,115
HL2101,Beacon Hill,42.35908,-71.07067,2,2.5,680,3,4.83,420
HL2643,Jamaica Plain,42.31226,-71.11705,2,2.0,885,8,4.19,150
HL2221,Seaport,42.35228,-71.04645,4,2.5,2205,3,4.41,560
HL2649,Jamaica Plain,42.30113,-71.1121,2,1.5,1140,10,4.47,205
HL2004,Back Bay,42.34564,-71.08708,2,2.0,915,8,4.85,340
HL2052,Back Bay,42.34748,-71.0825,2,2.0,830,3,4.8,385
HL2017,Back Bay,42.34956,-71.08313,0,1.0,360,3,4.66,240
HL2306,South End,42.33734,-71.07005,3,2.5,990,10,4.48,300
HL2155,North End,42.36176,-71.05801,2,2.0,695,8,4.33,255
HL2381,South End,42.34076,-71.07535,2,2.0,810,7,4.41,255
HL2845,Dorchester,42.30851,-71.07459,2,2.5,1020,5,4.13,125
HL2248,Seaport,42.3512,-71.04389,3,2.5,1035,3,4.71,470
HL2249,Seaport,42.35112,-71.04554,2,2.0,800,9,4.78,435
HL2358,South End,42.34109,-71.06842,0,1.0,505,10,4.64,230
HL2881,Dorchester,42.29867,-71.05553,3,2.5,1280,10,4.42,135
HL2884,Dorchester,42.29453,-71.0579,2,2.0,1120,6,4.51,165
HL2760,Allston-Brighton,42.35398,-71.14069,2,2.5,860,11,4.36,180
HL2030,Back Bay,42.35008,-71.09187,1,1.0,665,5,4.17,305
HL2426,Fenway-Kenmore,42.35059,-71.10305,2,2.0,870,2,4.42,210
HL2864,Dorchester,42.30228,-71.07405,1,1.5,650,13,4.94,120
HL2117,Beacon Hill,42.3626,-71.07073,0,1.0,375,8,4.78,240
HL2620,East Boston,42.36601,-71.0359,3,2.0,1025,8,4.77,210
HL2116,Beacon Hill,42.35981,-71.06626,2,2.0,630,5,4.89,345
HL2422,Fenway-Kenmore,42.34999,-71.09874,3,2.0,985,2,4.86,295
HL2594,East Boston,42.36489,-71.04213,3,2.5,1515,18,4.89,210
HL2754,Allston-Brighton,42.35348,-71.14005,2,2.0,1215,12,4.56,135
HL2027,Back Bay,42.3462,-71.083,0,1.0,435,2,4.67,245
HL2307,South End,42.33936,-71.08403,2,2.5,835,2,4.71,245
HL2447,Fenway-Kenmore,42.34538,-71.09714,1,2.0,580,4,4.46,220
HL2528,South Boston,42.3311,-71.04183,2,2.0,1145,13,4.74,240
HL2200,North End,42.3639,-71.06138,1,1.5,550,3,4.72,320
HL2507,South Boston,42.34076,-71.04143,0,1.0,440,9,4.46,145
HL2590,East Boston,42.37295,-71.04405,0,1.5,550,3,4.67,180
HL2809,Mission Hill,42.33371,-71.09267,3,2.5,1150,14,4.92,210
HL2712,Allston-Brighton,42.35094,-71.14237,3,2.0,1100,4,4.21,160
HL2452,Fenway-Kenmore,42.34495,-71.10275,0,1.0,430,3,4.56,185
HL2314,South End,42.3358,-71.07867,2,2.5,860,10,4.38,225
HL2714,Allston-Brighton,42.34583,-71.12514,1,1.0,860,8,4.75,145
HL2280,Downtown,42.35686,-71.06213,2,1.5,710,4,4.67,380
HL2850,Dorchester,42.30612,-71.06666,1,2.0,850,4,4.56,120
HL2353,South End,42.33974,-71.07697,1,1.5,545,8,4.91,260
HL2801,Mission Hill,42.32633,-71.10456,1,1.5,630,6,4.95,170
HL2207,North End,42.36554,-71.05104,2,2.0,630,5,4.83,340
HL2379,South End,42.33736,-71.07329,3,2.0,1235,6,3.91,255
HL2683,Jamaica Plain,42.31306,-71.11411,3,3.0,1600,7,4.98,240
HL2709,Allston-Brighton,42.35037,-71.12501,1,1.5,650,3,4.55,130
HL2023,Back Bay,42.35034,-71.09216,2,1.5,870,10,4.76,360
HL2340,South End,42.34284,-71.07653,2,2.0,795,8,4.29,260
HL2619,East Boston,42.36941,-71.05006,2,1.5,790,8,4.48,180
HL2568,South Boston,42.33751,-71.03637,2,2.5,825,9,4.6,240
HL2154,North End,42.3685,-71.05482,3,2.0,795,5,4.89,385
HL2771,Allston-Brighton,42.35071,-71.13771,1,1.5,685,5,4.32,145
HL2650,Jamaica Plain,42.31769,-71.10349,0,1.0,425,10,4.84,115
HL2470,Charlestown,42.38438,-71.052,1,1.5,635,7,4.47,205
HL2871,Dorchester,42.29372,-71.07737,4,2.5,2400,13,4.94,150
HL2518,South Boston,42.3319,-71.0517,3,2.5,1540,16,4.35,265
HL2459,Fenway-Kenmore,42.34464,-71.09988,1,2.0,485,9,4.7,155
HL2534,South Boston,42.33309,-71.05484,2,2.0,1015,18,4.48,200
HL2630,East Boston,42.37086,-71.03948,3,2.5,1015,9,4.48,185
HL2504,Charlestown,42.37362,-71.05671,2,1.5,745,15,4.59,220
HL2262,Downtown,42.35325,-71.0623,1,1.5,675,3,4.69,290
HL2082,Back Bay,42.35164,-71.0835,2,2.0,960,2,4.61,495
HL2896,Dorchester,42.29809,-71.0611,1,1.5,645,10,4.48,90
HL2407,Fenway-Kenmore,42.34243,-71.09422,2,2.5,585,6,4.02,230
HL2866,Dorchester,42.29416,-71.06694,2,2.0,1050,7,3.98,100
HL2715,Allston-Brighton,42.3398,-71.13901,3,2.0,1215,3,4.86,225
HL2038,Back Bay,42.34826,-71.08658,1,2.0,515,4,4.84,400
HL2499,Charlestown,42.37744,-71.06032,3,2.0,895,12,4.89,210
HL2333,South End,42.34173,-71.07143,2,1.5,730,8,4.58,245
HL2010,Back Bay,42.35706,-71.09299,2,2.0,785,4,4.89,365
HL2500,Charlestown,42.38066,-71.06594,1,1.0,415,9,4.88,165
HL2319,South End,42.33774,-71.07104,1,1.5,600,9,4.79,250
HL2032,Back Bay,42.35721,-71.07336,1,1.0,425,3,4.73,345
HL2735,Allston-Brighton,42.34866,-71.14262,3,2.5,1365,16,4.86,205
HL2786,Mission Hill,42.33014,-71.09084,3,2.5,1180,13,4.6,155
HL2608,East Boston,42.37465,-71.03122,1,1.5,665,8,4.9,175
HL2382,South End,42.3413,-71.07629,4,3.0,1655,14,4.68,440
HL2281,Downtown,42.3574,-71.06485,4,2.5,1720,5,4.84,455
HL2897,Dorchester,42.30391,-71.0721,4,2.0,1735,7,4.63,190
HL2854,Dorchester,42.3045,-71.07813,3,2.5,1750,17,4.9,165
HL2805,Mission Hill,42.32452,-71.10048,2,2.5,930,13,4.37,165
HL2719,Allston-Brighton,42.35205,-71.13928,1,2.0,680,5,4.24,125
HL2813,Mission Hill,42.32867,-71.09751,1,1.5,585,10,4.67,100
HL2378,South End,42.33812,-71.07981,1,1.5,665,20,4.92,220
HL2435,Fenway-Kenmore,42.35212,-71.09659,1,2.0,505,3,4.71,155
HL2858,Dorchester,42.31185,-71.05462,3,2.5,1735,9,4.92,220
HL2089,Beacon Hill,42.36288,-71.07352,2,2.0,610,8,4.83,385
HL2213,Seaport,42.35525,-71.05234,1,1.0,805,3,4.9,260
HL2321,South End,42.3409,-71.08165,0,1.0,475,7,4.48,205
HL2750,Allston-Brighton,42.35075,-71.13905,1,1.5,580,9,4.22,125
HL2133,Beacon Hill,42.35725,-71.0713,0,1.0,345,4,4.82,255
HL2346,South End,42.34098,-71.08201,2,1.5,885,7,4.39,265
HL2043,Back Bay,42.35182,-71.06936,1,1.5,725,3,4.64,325
HL2007,Back Bay,42.35542,-71.08405,2,1.5,930,6,4.92,390
HL2666,Jamaica Plain,42.30227,-71.10986,3,2.0,1575,5,4.56,225
HL2509,South Boston,42.33057,-71.03709,1,2.0,680,12,4.7,175
HL2819,Mission Hill,42.31997,-71.09845,1,1.5,670,6,4.81,120
HL2187,North End,42.36099,-71.05572,1,1.5,520,3,4.94,275
HL2695,Jamaica Plain,42.31067,-71.11513,1,1.0,915,3,4.89,190
HL2122,Beacon Hill,42.36156,-71.07007,1,1.0,620,2,4.83,340
HL2040,Back Bay,42.35363,-71.08687,2,2.0,695,7,4.68,330
HL2304,Downtown,42.35526,-71.05367,2,2.5,530,3,4.91,355
HL2031,Back Bay,42.35039,-71.07483,0,1.0,385,3,3.83,170
HL2543,South Boston,42.34126,-71.05674,3,3.0,1400,10,4.9,305
HL2172,North End,42.36261,-71.05371,1,1.0,355,5,4.28,195
HL2284,Downtown,42.35606,-71.05152,0,1.5,295,5,4.56,190
HL2430,Fenway-Kenmore,42.34576,-71.09609,3,2.5,1125,4,4.62,330
HL2790,Mission Hill,42.32898,-71.08923,1,2.0,800,2,4.8,180
HL2240,Seaport,42.34981,-71.04181,2,1.5,815,10,4.35,255
HL2808,Mission Hill,42.3235,-71.09256,4,2.5,2090,11,4.9,190
HL2174,North End,42.3668,-71.05656,4,2.5,1010,4,4.93,660
HL2591,East Boston,42.3802,-71.0321,1,2.0,765,8,4.76,160
HL2624,East Boston,42.3721,-71.04763,1,1.5,765,5,4.39,140
HL2245,Seaport,42.35352,-71.05092,2,2.0,1175,5,4.61,380
HL2056,Back Bay,42.35082,-71.08141,0,1.0,550,4,4.76,285
HL2699,Jamaica Plain,42.31125,-71.11617,3,2.5,1890,9,4.73,225
HL2071,Back Bay,42.34787,-71.07485,1,2.0,565,4,4.35,360
HL2669,Jamaica Plain,42.31232,-71.12281,2,2.5,1040,16,4.61,180
HL2145,North End,42.36206,-71.0583,3,2.5,700,8,4.84,350
HL2090,Beacon Hill,42.36101,-71.07426,2,1.0,765,4,4.71,360
HL2166,North End,42.36522,-71.05459,3,2.5,885,8,4.58,325
HL2392,Fenway-Kenmore,42.35449,-71.10277,3,3.0,1115,4,4.65,360
HL2876,Dorchester,42.28144,-71.07294,2,1.5,1230,9,4.9,155
HL2170,North End,42.36343,-71.05276,3,2.0,795,6,4.97,340
HL2310,South End,42.34043,-71.0705,2,1.5,930,7,4.31,295
HL2361,South End,42.34608,-71.06842,2,1.5,615,10,4.82,225
HL2359,South End,42.34229,-71.07444,2,1.5,740,4,4.04,240
HL2093,Beacon Hill,42.36126,-71.06573,1,1.5,550,10,4.33,240
HL2322,South End,42.33825,-71.0783,4,2.5,1410,4,4.48,320
HL2420,Fenway-Kenmore,42.35628,-71.10632,2,2.5,720,2,4.99,295
HL2412,Fenway-Kenmore,42.35022,-71.1046,2,2.0,775,6,4.81,255
HL2616,East Boston,42.37615,-71.03468,1,1.5,495,8,4.89,115
HL2781,Mission Hill,42.32176,-71.10479,1,1.0,545,4,4.5,115
HL2668,Jamaica Plain,42.30195,-71.10303,1,1.0,915,6,4.24,150
HL2376,South End,42.3458,-71.07288,1,2.0,965,7,3.85,230
HL2395,Fenway-Kenmore,42.348,-71.09973,1,1.5,480,4,4.74,190
HL2243,Seaport,42.35058,-71.04579,3,2.5,1410,6,4.81,540
HL2734,Allston-Brighton,42.35528,-71.10888,0,1.0,455,5,4.4,95
HL2087,Beacon Hill,42.36161,-71.07427,1,1.5,540,9,4.87,245
HL2214,Seaport,42.35194,-71.04186,1,2.0,455,6,4.58,285
HL2873,Dorchester,42.31723,-71.06749,1,2.0,835,4,4.95,140
HL2344,South End,42.34313,-71.07047,2,1.5,1015,10,4.57,245
HL2173,North End,42.36173,-71.05253,3,2.0,1115,11,4.59,465
HL2756,Allston-Brighton,42.34624,-71.13248,3,2.5,1490,8,4.51,170
HL2705,Allston-Brighton,42.35258,-71.13383,3,2.0,1515,9,4.01,175
HL2291,Downtown,42.35384,-71.05639,2,2.5,810,3,4.54,335
HL2425,Fenway-Kenmore,42.34567,-71.09078,3,2.5,965,9,4.54,300
HL2689,Jamaica Plain,42.31255,-71.10222,1,1.5,605,7,4.8,170
HL2118,Beacon Hill,42.35756,-71.07258,1,1.0,670,5,4.74,265
HL2119,Beacon Hill,42.3601,-71.0651,4,2.5,980,7,4.91,435
HL2163,North End,42.36422,-71.06146,2,2.0,680,5,4.23,255
HL2565,South Boston,42.32956,-71.0433,2,2.0,1120,6,4.3,235
HL2384,South End,42.34031,-71.07014,3,2.0,1125,4,4.82,390
HL2000,Back Bay,42.35137,-71.09076,3,2.5,1135,3,4.7,465
HL2394,Fenway-Kenmore,42.34624,-71.09766,2,2.0,755,3,4.86,245
HL2401,Fenway-Kenmore,42.34661,-71.09146,2,2.5,1060,4,4.6,340
HL2404,Fenway-Kenmore,42.34392,-71.10082,1,1.5,615,5,4.72,215
HL2547,South Boston,42.3376,-71.04424,1,1.0,930,6,4.39,235
HL2885,Dorchester,42.308,-71.06724,2,2.5,945,13,4.89,185
HL2162,North End,42.36275,-71.05994,1,1.0,415,3,4.74,265
HL2320,South End,42.34407,-71.07602,1,1.0,565,7,4.9,280
HL2114,Beacon Hill,42.35834,-71.07828,1,1.5,510,12,4.34,275
HL2158,North End,42.36214,-71.05329,1,1.0,520,10,4.93,255
HL2150,North End,42.36976,-71.05085,2,2.0,650,7,4.55,315
HL2675,Jamaica Plain,42.3229,-71.12366,4,2.0,2055,12,4.49,220
HL2515,South Boston,42.32936,-71.04995,0,1.0,390,4,4.74,200
HL2368,South End,42.34366,-71.07997,3,1.5,1060,9,4.55,305
HL2477,Charlestown,42.37198,-71.05848,1,2.0,795,15,4.77,180
HL2879,Dorchester,42.30501,-71.05479,2,2.0,1470,5,4.93,170
HL2523,South Boston,42.33372,-71.05371,1,2.0,740,9,4.23,245
HL2852,Dorchester,42.30448,-71.05801,1,2.0,615,12,4.94,130
HL2258,Seaport,42.35232,-71.04901,2,2.0,1070,11,4.46,365
HL2755,Allston-Brighton,42.36042,-71.14466,3,2.0,1420,7,4.43,160
HL2135,Beacon Hill,42.35782,-71.07183,2,1.5,620,4,4.86,335
HL2869,Dorchester,42.3052,-71.04912,1,2.0,765,17,4.64,110
HL2564,South Boston,42.33902,-71.0552,2,1.5,1015,20,4.86,230
HL2729,Allston-Brighton,42.36275,-71.15298,1,1.5,725,4,4.48,180
HL2501,Charlestown,42.37628,-71.06719,1,1.5,595,13,4.47,180
HL2581,East Boston,42.37779,-71.03146,3,2.5,1270,8,4.52,225
HL2343,South End,42.34403,-71.08331,1,1.5,630,5,4.58,225
HL2600,East Boston,42.36839,-71.04592,2,2.0,900,17,4.85,175
HL2553,South Boston,42.34114,-71.04197,2,1.5,905,7,4.31,230
HL2293,Downtown,42.36002,-71.05734,3,3.0,1230,2,4.73,330
HL2364,South End,42.34282,-71.07333,3,2.0,645,1,4.73,220
HL2558,South Boston,42.33153,-71.04337,2,2.0,880,15,4.84,195
HL2014,Back Bay,42.35,-71.07663,1,1.0,585,4,4.96,295
HL2086,Beacon Hill,42.35945,-71.07254,0,1.5,390,3,4.33,250
HL2370,South End,42.34752,-71.06923,1,1.0,695,5,3.57,225
HL2165,North End,42.36407,-71.04899,4,3.0,1225,2,4.98,430
HL2877,Dorchester,42.30293,-71.06467,2,1.5,1175,19,4.72,110
HL2335,South End,42.34573,-71.07777,0,1.0,470,14,4.96,205
HL2059,Back Bay,42.34846,-71.08684,2,2.0,720,5,3.89,250
HL2354,South End,42.34891,-71.07479,2,2.0,800,3,4.65,315
HL2424,Fenway-Kenmore,42.35023,-71.09742,0,1.0,365,4,4.56,165
HL2292,Downtown,42.35536,-71.05626,2,1.5,775,4,4.7,260
HL2041,Back Bay,42.34755,-71.09082,1,2.0,540,7,4.26,255
HL2329,South End,42.33474,-71.09054,0,1.5,475,6,4.79,185
HL2429,Fenway-Kenmore,42.34869,-71.0911,2,1.5,685,8,4.62,210
HL2079,Back Bay,42.34912,-71.08334,2,1.5,865,4,4.76,280
HL2028,Back Bay,42.35585,-71.07996,2,2.0,825,1,4.76,335
HL2254,Seaport,42.34581,-71.05344,2,2.5,850,5,4.7,425
HL2667,Jamaica Plain,42.31843,-71.11842,3,2.5,1725,13,4.75,235
HL2458,Fenway-Kenmore,42.34144,-71.09718,1,1.0,505,7,4.49,160
HL2383,South End,42.34234,-71.06863,1,1.5,495,5,4.81,180
HL2313,South End,42.3402,-71.07585,2,2.0,820,6,4.72,240
HL2084,Back Bay,42.35388,-71.07006,2,2.0,765,8,4.59,320
HL2136,Beacon Hill,42.35933,-71.07195,2,1.5,720,6,4.76,370
HL2111,Beacon Hill,42.35963,-71.06669,3,2.5,830,1,4.59,425
HL2194,North End,42.36396,-71.05428,3,2.0,1250,7,4.92,390
HL2178,North End,42.36501,-71.05262,2,1.5,645,8,4.79,285
HL2791,Mission Hill,42.32437,-71.10541,2,2.0,810,7,3.89,155
HL2496,Charlestown,42.37702,-71.0628,1,1.5,650,10,4.78,250
HL2129,Beacon Hill,42.35776,-71.06923,2,1.5,770,5,4.9,390
HL2337,South End,42.33782,-71.07071,2,2.0,1080,1,4.66,470
HL2124,Beacon Hill,42.35479,-71.06663,0,1.0,440,4,4.91,300
HL2853,Dorchester,42.2981,-71.07091,2,1.5,825,10,4.92,115
HL2226,Seaport,42.3477,-71.04346,2,1.5,1065,4,4.97,455
HL2268,Downtown,42.35469,-71.05836,4,3.0,1395,4,4.46,390
HL2868,Dorchester,42.29757,-71.07708,4,2.5,2025,5,4.52,235
HL2103,Beacon Hill,42.35533,-71.07095,1,1.0,705,1,4.81,380
HL2761,Allston-Brighton,42.36366,-71.12128,3,3.0,1490,3,4.56,300
HL2843,Dorchester,42.29092,-71.06882,2,2.5,875,12,4.57,155
HL2227,Seaport,42.3497,-71.04444,1,2.0,650,8,4.27,305
HL2789,Mission Hill,42.32723,-71.09347,1,2.0,580,4,4.64,160
HL2301,Downtown,42.3569,-71.05924,1,1.5,520,4,4.61,325
HL2275,Downtown,42.35463,-71.06165,2,1.5,645,5,4.78,270
HL2126,Beacon Hill,42.36218,-71.06767,0,1.0,350,2,4.58,290
HL2405,Fenway-Kenmore,42.34835,-71.08908,1,1.5,510,4,4.65,205
HL2795,Mission Hill,42.33115,-71.09814,1,1.5,685,5,4.81,135
HL2036,Back Bay,42.3485,-71.07617,1,2.0,570,7,4.54,365
HL2139,Beacon Hill,42.35755,-71.07126,1,1.5,540,4,4.7,330
HL2303,Downtown,42.35124,-71.0554,2,2.0,980,3,4.71,415
HL2267,Downtown,42.36201,-71.0524,1,1.5,510,3,4.62,275
HL2533,South Boston,42.33036,-71.0412,1,1.5,760,8,4.93,195
HL2545,South Boston,42.32363,-71.03994,3,1.5,1220,6,4.29,260
HL2212,Seaport,42.35501,-71.04482,1,1.5,615,9,4.81,345
HL2468,Charlestown,42.37118,-71.06279,2,2.0,1200,8,4.7,200
HL2198,North End,42.36169,-71.05088,0,1.5,280,7,4.94,190
HL2527,South Boston,42.3308,-71.03865,3,2.5,1415,10,4.6,295
HL2707,Allston-Brighton,42.35485,-71.12567,0,1.0,405,2,4.82,130
HL2241,Seaport,42.34934,-71.03917,2,1.5,1370,4,4.72,365
HL2342,South End,42.3467,-71.07144,2,2.0,760,9,4.76,290
HL2549,South Boston,42.3324,-71.03696,2,2.0,830,7,4.83,260
HL2386,Fenway-Kenmore,42.3487,-71.09754,3,2.5,910,7,4.9,275
HL2767,Allston-Brighton,42.35958,-71.14337,1,1.5,755,11,4.93,150
HL2206,North End,42.36709,-71.05197,3,2.5,1065,6,4.84,400
HL2295,Downtown,42.35381,-71.05407,0,1.0,430,1,4.74,230
HL2685,Jamaica Plain,42.30575,-71.09278,2,1.5,1215,12,4.79,170
HL2073,Back Bay,42.3518,-71.08197,2,2.0,810,3,4.65,370
HL2104,Beacon Hill,42.35766,-71.07138,1,1.5,630,6,4.26,290
HL2812,Mission Hill,42.33118,-71.1012,2,2.0,1075,4,4.37,155
HL2857,Dorchester,42.31975,-71.07162,1,1.5,770,8,4.87,130
HL2016,Back Bay,42.34614,-71.08325,1,2.0,805,5,4.31,335
HL2439,Fenway-Kenmore,42.34862,-71.10171,1,1.0,575,5,4.63,220
HL2091,Beacon Hill,42.35599,-71.07144,2,1.5,765,5,4.95,345
HL2088,Beacon Hill,42.35559,-71.06634,0,1.0,380,2,4.53,285
HL2450,Fenway-Kenmore,42.3519,-71.11141,2,2.0,690,6,4.79,200
HL2102,Beacon Hill,42.35518,-71.06857,0,1.0,335,6,4.54,205
HL2238,Seaport,42.3528,-71.04317,2,1.0,1035,11,3.74,235
HL2642,Jamaica Plain,42.31046,-71.10855,3,3.0,1080,14,4.93,195
HL2246,Seaport,42.3559,-71.04272,2,2.0,885,5,4.9,480
HL2634,East Boston,42.37316,-71.02571,3,2.0,1285,2,4.83,190
HL2157,North End,42.36406,-71.05469,3,2.5,800,8,4.49,270
HL2479,Charlestown,42.37587,-71.06856,0,1.0,305,9,4.35,125
HL2753,Allston-Brighton,42.35409,-71.12355,0,1.0,470,6,4.95,110
HL2733,Allston-Brighton,42.36345,-71.13417,0,1.0,520,2,4.58,100
HL2018,Back Bay,42.35484,-71.08498,1,1.0,560,5,4.79,335
HL2716,Allston-Brighton,42.34655,-71.12949,0,1.0,395,8,4.73,95
HL2121,Beacon Hill,42.36056,-71.06637,1,1.5,430,8,4.34,255
HL2627,East Boston,42.36886,-71.03878,1,1.5,735,3,4.86,210
HL2274,Downtown,42.35644,-71.0546,1,2.0,500,3,4.67,255
HL2433,Fenway-Kenmore,42.34889,-71.09508,2,2.0,1115,3,4.91,260
HL2799,Mission Hill,42.32318,-71.10089,3,2.5,1205,5,4.82,200
HL2311,South End,42.33477,-71.07123,1,1.5,605,2,4.37,280
HL2676,Jamaica Plain,42.31261,-71.11303,0,1.5,530,13,4.7,135
HL2743,Allston-Brighton,42.34901,-71.12635,4,2.5,1240,5,4.57,180
HL2546,South Boston,42.33136,-71.04694,3,2.0,1260,23,4.94,300
HL2181,North End,42.36181,-71.05463,1,1.0,515,5,4.8,260
HL2184,North End,42.36434,-71.05538,1,1.0,525,7,4.78,255
HL2406,Fenway-Kenmore,42.35218,-71.09546,1,1.5,525,9,4.87,225
HL2606,East Boston,42.36843,-71.03775,3,2.0,1525,4,4.82,280
HL2520,South Boston,42.33613,-71.04454,1,2.0,925,15,4.59,170
HL2380,South End,42.33958,-71.07507,4,3.0,2300,4,4.91,410
HL2410,Fenway-Kenmore,42.35094,-71.09652,3,3.0,1395,3,4.92,365
HL2369,South End,42.34136,-71.0794,2,2.0,1050,7,4.54,300
HL2723,Allston-Brighton,42.34839,-71.12637,3,3.0,1605,4,4.7,220
HL2818,Mission Hill,42.32453,-71.09082,1,1.5,655,9,4.61,145
HL2671,Jamaica Plain,42.30817,-71.10869,1,2.0,640,11,4.42,175
HL2078,Back Bay,42.34885,-71.0808,2,2.0,720,4,4.6,380
HL2573,South Boston,42.33873,-71.04414,1,1.0,925,19,3.86,135
HL2637,Jamaica Plain,42.31518,-71.11754,3,2.5,1225,9,4.84,185
HL2607,East Boston,42.36761,-71.03495,2,1.5,1000,5,4.97,190
HL2708,Allston-Brighton,42.36642,-71.13732,3,2.5,1595,8,4.43,190
HL2882,Dorchester,42.30315,-71.07799,1,1.5,765,4,4.89,155
HL2739,Allston-Brighton,42.35478,-71.14624,1,2.0,650,11,4.84,160
HL2822,Mission Hill,42.33332,-71.09627,2,2.0,835,8,4.82,165
HL2416,Fenway-Kenmore,42.34242,-71.09566,2,1.5,910,4,4.39,245
HL2660,Jamaica Plain,42.31964,-71.119,2,1.0,715,3,4.1,140
HL2561,South Boston,42.33316,-71.05454,0,1.5,495,9,4.39,190
HL2067,Back Bay,42.35041,-71.07536,1,1.0,515,10,4.29,310
HL2536,South Boston,42.33338,-71.03632,2,2.5,820,17,4.68,215
HL2077,Back Bay,42.34676,-71.08334,1,1.5,565,8,4.38,285
HL2105,Beacon Hill,42.3616,-71.07137,3,2.5,1110,3,4.49,535
HL2894,Dorchester,42.29341,-71.05862,2,2.0,885,5,4.88,160
HL2694,Jamaica Plain,42.3099,-71.10498,3,2.5,1590,6,4.73,205
HL2638,Jamaica Plain,42.31258,-71.11777,3,2.5,1320,5,4.93,250
HL2559,South Boston,42.33199,-71.04906,2,2.5,795,3,4.71,305
HL2775,Allston-Brighton,42.34575,-71.12527,2,1.5,1035,9,4.86,135
HL2834,Mission Hill,42.32713,-71.09668,1,1.0,820,7,4.68,160
HL2777,Allston-Brighton,42.34637,-71.11187,2,1.5,1285,8,4.72,195
HL2692,Jamaica Plain,42.30245,-71.11935,3,2.5,1570,7,4.76,290
HL2490,Charlestown,42.37473,-71.06174,2,2.0,1005,7,4.97,290
HL2886,Dorchester,42.30445,-71.0748,2,2.0,1740,12,4.21,115
HL2752,Allston-Brighton,42.35617,-71.12887,2,2.0,825,7,4.6,165
HL2605,East Boston,42.36678,-71.03916,3,2.0,1720,11,4.73,220
HL2363,South End,42.34545,-71.08206,1,1.0,520,4,4.34,300
HL2069,Back Bay,42.35041,-71.07983,1,1.0,490,2,4.46,280
HL2548,South Boston,42.32776,-71.05075,3,2.5,1360,8,4.84,275
HL2160,North End,42.36492,-71.05543,2,2.0,740,3,4.19,295
HL2011,Back Bay,42.3478,-71.08518,2,2.0,980,6,4.49,350
HL2144,North End,42.36658,-71.05513,1,2.0,460,4,4.93,325
HL2517,South Boston,42.33241,-71.04273,2,1.5,1145,14,4.06,220
HL2427,Fenway-Kenmore,42.34969,-71.09846,1,1.0,585,8,4.72,185
HL2639,Jamaica Plain,42.3059,-71.11478,0,1.0,530,5,4.89,140
HL2176,North End,42.36269,-71.05517,1,1.5,545,5,4.95,270
HL2440,Fenway-Kenmore,42.34284,-71.09626,0,1.0,405,15,4.71,150
HL2521,South Boston,42.33433,-71.05377,2,1.5,1000,10,4.02,185
HL2778,Allston-Brighton,42.36285,-71.12835,1,1.5,725,7,4.79,140
HL2838,Dorchester,42.30036,-71.07123,3,2.5,1790,16,4.82,130
HL2231,Seaport,42.35247,-71.0505,3,2.5,1440,10,4.76,395
HL2210,Seaport,42.35142,-71.0442,1,1.5,640,12,4.77,300
HL2640,Jamaica Plain,42.30938,-71.12763,1,2.5,795,8,4.99,145
HL2143,North End,42.36543,-71.0536,1,1.5,685,5,4.53,320
HL2519,South Boston,42.33719,-71.04931,0,1.5,540,3,4.78,170
HL2892,Dorchester,42.29263,-71.06752,2,2.5,1105,11,4.94,135
HL2298,Downtown,42.35644,-71.05486,2,1.5,595,3,4.79,325
HL2428,Fenway-Kenmore,42.34907,-71.10512,0,1.0,375,5,3.99,170
HL2612,East Boston,42.37236,-71.03369,3,2.5,1230,6,4.52,180
HL2826,Mission Hill,42.32573,-71.09682,3,2.5,1145,9,4.65,155
HL2008,Back Bay,42.34919,-71.07511,1,1.0,735,9,4.85,335
HL2156,North End,42.36287,-71.05831,1,1.0,435,4,4.51,270
HL2539,South Boston,42.33255,-71.03194,2,2.0,960,5,4.26,160
HL2506,South Boston,42.34034,-71.03897,3,3.0,1295,9,3.98,175
HL2436,Fenway-Kenmore,42.34864,-71.09279,0,1.0,290,3,3.96,160
HL2266,Downtown,42.36148,-71.05363,2,1.5,770,3,4.57,240
HL2461,Charlestown,42.37366,-71.06245,1,1.5,675,16,4.67,160
HL2576,East Boston,42.37086,-71.03005,2,1.5,1015,4,4.79,210
HL2338,South End,42.3343,-71.07753,2,1.5,730,3,4.95,280
HL2255,Seaport,42.34836,-71.0421,1,1.0,635,7,4.27,240
HL2718,Allston-Brighton,42.35089,-71.13161,2,1.5,1055,2,4.78,165
HL2758,Allston-Brighton,42.35575,-71.1338,2,2.0,1085,2,4.97,215
HL2665,Jamaica Plain,42.31694,-71.10506,2,1.5,800,11,4.69,140
HL2560,South Boston,42.3404,-71.04763,1,1.5,615,13,4.55,170
HL2208,North End,42.36601,-71.05858,0,1.0,345,6,4.64,210
HL2287,Downtown,42.35705,-71.05609,1,1.5,515,2,4.71,305
HL2001,Back Bay,42.35043,-71.08643,1,1.5,475,4,4.7,295
HL2341,South End,42.34065,-71.0783,2,2.0,815,6,4.8,315
HL2269,Downtown,42.3586,-71.06052,0,1.0,435,4,4.76,380
HL2265,Downtown,42.35664,-71.05206,3,2.0,1225,3,4.87,475
HL2766,Allston-Brighton,42.35296,-71.12983,2,2.0,980,7,4.59,210
HL2732,Allston-Brighton,42.35922,-71.14056,2,2.0,1060,3,4.77,195
HL2095,Beacon Hill,42.35599,-71.06731,3,3.0,920,1,4.72,470
HL2863,Dorchester,42.30148,-71.07035,2,1.5,1220,9,4.61,105
HL2042,Back Bay,42.35453,-71.08197,1,1.5,525,8,4.87,365
HL2717,Allston-Brighton,42.36118,-71.12356,2,2.0,1015,4,4.31,210
HL2890,Dorchester,42.30597,-71.07332,2,2.5,1350,9,4.69,125
HL2742,Allston-Brighton,42.35937,-71.12286,2,2.0,920,9,4.11,130
HL2628,East Boston,42.36897,-71.04611,2,1.5,1040,5,4.66,200
HL2045,Back Bay,42.35038,-71.08027,0,1.0,390,4,4.44,230
HL2161,North End,42.36565,-71.05278,2,1.0,615,4,4.64,355
HL2629,East Boston,42.37653,-71.03886,1,1.5,900,10,4.52,145
HL2288,Downtown,42.35511,-71.0557,1,1.0,535,1,4.73,340
HL2589,East Boston,42.36695,-71.03225,1,1.5,530,15,4.71,120
HL2797,Mission Hill,42.32544,-71.09493,0,1.0,480,2,4.68,115
HL2848,Dorchester,42.29549,-71.05878,3,2.0,1440,6,4.79,140
HL2575,East Boston,42.38065,-71.03786,1,1.5,600,7,4.86,155
HL2315,South End,42.34423,-71.06765,3,2.5,945,11,4.91,305
HL2230,Seaport,42.35277,-71.04943,2,1.5,1045,8,4.28,355
HL2698,Jamaica Plain,42.31113,-71.10494,4,3.0,1600,15,3.81,165
HL2736,Allston-Brighton,42.36016,-71.13091,1,1.5,560,3,4.44,125
HL2711,Allston-Brighton,42.35842,-71.1316,2,2.0,1010,7,4.96,160
HL2076,Back Bay,42.35459,-71.07116,2,1.5,855,7,4.24,320
HL2633,East Boston,42.37295,-71.04537,3,2.0,1310,5,4.76,190
HL2867,Dorchester,42.30778,-71.07156,3,2.5,1375,9,4.81,165
HL2247,Seaport,42.34517,-71.04007,3,1.5,1465,17,4.85,525
HL2476,Charlestown,42.38544,-71.06767,4,3.0,1160,7,4.65,240
HL2670,Jamaica Plain,42.30707,-71.12854,1,1.5,960,6,4.83,150
HL2085,Beacon Hill,42.35862,-71.07031,1,2.0,620,1,4.77,350
HL2469,Charlestown,42.37865,-71.06489,0,1.5,405,10,4.57,190
HL2225,Seaport,42.35006,-71.03603,1,1.0,595,7,4.68,265
HL2331,South End,42.34433,-71.07884,0,1.0,430,6,4.85,310
HL2233,Seaport,42.35157,-71.04164,3,3.0,1025,15,4.53,390
HL2588,East Boston,42.37071,-71.03262,1,1.5,620,9,4.68,135
HL2475,Charlestown,42.37409,-71.05867,2,2.5,990,7,4.18,230
HL2796,Mission Hill,42.3218,-71.10049,1,2.5,610,5,4.6,160
HL2779,Allston-Brighton,42.35057,-71.12227,1,1.5,710,2,4.57,145
HL2599,East Boston,42.37221,-71.03626,1,1.5,655,8,4.89,135
HL2421,Fenway-Kenmore,42.35222,-71.10153,1,1.0,510,4,4.84,225
HL2687,Jamaica Plain,42.3171,-71.12559,1,1.0,700,6,4.98,130
HL2182,North End,42.36483,-71.05484,0,1.0,315,4,4.63,245
HL2617,East Boston,42.36811,-71.03507,0,1.0,420,4,4.09,105
HL2332,South End,42.34096,-71.07363,1,1.5,625,11,4.62,205
HL2438,Fenway-Kenmore,42.345,-71.10121,4,3.0,1225,7,4.23,290
HL2049,Back Bay,42.35234,-71.08602,1,1.5,575,8,4.49,245
HL2005,Back Bay,42.35805,-71.0838,1,1.0,630,4,4.14,215
HL2529,South Boston,42.33516,-71.06145,2,2.0,970,10,4.62,260
HL2234,Seaport,42.35152,-71.04532,1,1.0,565,4,3.93,355
HL2486,Charlestown,42.38449,-71.06506,2,1.5,900,2,4.43,265
HL2806,Mission Hill,42.3215,-71.09345,2,2.0,865,8,4.8,175
HL2497,Charlestown,42.37174,-71.06764,0,1.0,330,15,4.67,135
HL2802,Mission Hill,42.31904,-71.09362,2,2.0,905,5,4.71,135
HL2106,Beacon Hill,42.36184,-71.07179,3,2.5,1140,5,4.7,380
HL2443,Fenway-Kenmore,42.34285,-71.09451,1,1.0,585,3,4.72,185
HL2488,Charlestown,42.38269,-71.06407,1,2.0,510,7,4.62,185
HL2646,Jamaica Plain,42.30608,-71.11516,3,2.5,1555,2,4.85,195
HL2012,Back Bay,42.35405,-71.06976,1,1.5,520,5,4.82,300
HL2738,Allston-Brighton,42.35488,-71.12256,1,1.0,685,10,4.36,90
HL2726,Allston-Brighton,42.34575,-71.16188,2,2.0,805,17,4.65,130
HL2190,North End,42.36745,-71.05768,2,2.5,665,4,4.84,365
HL2844,Dorchester,42.30256,-71.06804,3,2.0,1460,10,4.99,185
HL2282,Downtown,42.35661,-71.05711,0,1.0,345,1,4.74,240
HL2029,Back Bay,42.35194,-71.07705,2,2.0,945,1,3.82,230
HL2169,North End,42.36148,-71.05923,0,1.0,280,9,4.66,215
HL2180,North End,42.36689,-71.05215,0,1.0,285,3,4.46,140
HL2100,Beacon Hill,42.36306,-71.0676,2,2.5,840,4,4.93,380
HL2197,North End,42.36566,-71.05692,2,2.5,800,1,4.91,375
HL2495,Charlestown,42.37276,-71.06075,2,2.0,1055,25,4.95,255
HL2721,Allston-Brighton,42.35267,-71.12417,4,3.0,1855,12,4.81,205
HL2647,Jamaica Plain,42.30786,-71.11053,1,1.5,815,14,4.34,135
HL2872,Dorchester,42.30059,-71.06157,1,2.0,785,14,4.08,85
HL2831,Mission Hill,42.3247,-71.10982,3,2.0,1160,8,4.94,185
HL2710,Allston-Brighton,42.35886,-71.15394,2,2.5,1045,4,4.6,200
HL2373,South End,42.3407,-71.07887,1,1.0,740,7,4.82,335
HL2678,Jamaica Plain,42.31126,-71.11328,1,1.5,945,14,4.53,150
HL2792,Mission Hill,42.32746,-71.09571,0,1.0,465,7,4.96,105
HL2648,Jamaica Plain,42.31236,-71.10577,0,1.5,300,8,4.72,130
HL2460,Charlestown,42.3801,-71.05696,0,1.0,425,21,4.88,170
HL2413,Fenway-Kenmore,42.35161,-71.09741,1,1.5,580,7,4.88,195
HL2131,Beacon Hill,42.36119,-71.074,2,2.0,890,7,4.76,380
HL2039,Back Bay,42.3502,-71.07737,1,2.0,460,2,4.73,325
HL2434,Fenway-Kenmore,42.34555,-71.10077,4,2.0,1780,6,4.76,315
HL2215,Seaport,42.35005,-71.04215,1,1.5,540,4,4.87,380
HL2555,South Boston,42.33567,-71.04498,0,1.0,455,13,4.63,135
HL2566,South Boston,42.33149,-71.05037,2,1.5,855,8,4.53,315
HL2762,Allston-Brighton,42.35516,-71.12946,3,2.5,1560,13,4.48,160
HL2474,Charlestown,42.37721,-71.05476,1,1.0,505,12,4.86,140
HL2456,Fenway-Kenmore,42.34647,-71.09354,2,2.0,935,3,4.62,240
HL2260,Downtown,42.35672,-71.06034,2,1.5,755,6,4.85,255
HL2035,Back Bay,42.34619,-71.08493,3,2.5,1155,3,4.59,525
HL2309,South End,42.34044,-71.08429,0,1.0,405,13,4.66,190
HL2276,Downtown,42.35464,-71.05995,1,1.5,580,1,4.6,250
HL2636,Jamaica Plain,42.30512,-71.10376,3,2.5,1400,10,4.85,230
HL2654,Jamaica Plain,42.30841,-71.10942,1,1.5,745,4,4.89,180
HL2622,East Boston,42.36789,-71.02663,2,2.0,860,4,4.35,185
HL2393,Fenway-Kenmore,42.34469,-71.09535,3,2.5,1190,8,4.71,265
HL2840,Dorchester,42.29034,-71.064,1,1.5,705,9,4.06,120
HL2107,Beacon Hill,42.35529,-71.07692,2,2.0,940,5,4.56,395
HL2846,Dorchester,42.3081,-71.06211,2,1.5,1200,5,4.62,160
HL2524,South Boston,42.3362,-71.05801,2,2.0,1070,13,4.8,245
HL2784,Mission Hill,42.3251,-71.09937,2,2.5,930,5,4.42,165
HL2047,Back Bay,42.34928,-71.08465,2,1.5,915,4,4.79,335
HL2203,North End,42.36804,-71.05639,1,1.5,385,4,4.24,295
HL2828,Mission Hill,42.32583,-71.10301,2,2.0,1040,11,4.79,120
HL2631,East Boston,42.36851,-71.03796,1,1.5,690,4,4.43,175
HL2021,Back Bay,42.3516,-71.08185,1,2.0,520,2,4.53,345
HL2402,Fenway-Kenmore,42.34449,-71.09086,2,2.0,525,4,4.47,230
HL2083,Back Bay,42.35569,-71.06509,3,1.5,1100,3,4.26,385
HL2130,Beacon Hill,42.36058,-71.07388,0,1.5,325,4,4.89,235
HL2415,Fenway-Kenmore,42.3443,-71.09126,1,1.5,605,4,4.63,220
HL2741,Allston-Brighton,42.35962,-71.13157,3,2.0,1805,5,4.54,215
HL2697,Jamaica Plain,42.31052,-71.11973,1,2.5,655,5,4.53,135
HL2286,Downtown,42.35405,-71.05904,3,1.5,1030,1,4.47,340
HL2123,Beacon Hill,42.36297,-71.07057,2,1.5,985,7,4.91,500
HL2033,Back Bay,42.35102,-71.08518,2,2.0,715,3,4.79,305
HL2874,Dorchester,42.29257,-71.07239,2,2.5,1070,7,4.73,155
HL2516,South Boston,42.32783,-71.04288,1,1.5,665,11,4.12,160
HL2019,Back Bay,42.35049,-71.07206,1,1.5,680,6,4.54,285
HL2829,Mission Hill,42.33088,-71.09765,0,1.0,495,1,4.65,105
HL2219,Seaport,42.35132,-71.04828,0,1.0,435,6,4.64,255
HL2895,Dorchester,42.2922,-71.06334,1,1.5,760,7,4.82,110
HL2481,Charlestown,42.37766,-71.06737,2,1.5,920,7,4.5,210
HL2356,South End,42.33834,-71.08223,3,3.0,1440,3,4.86,485
HL2661,Jamaica Plain,42.31374,-71.115,3,2.0,1400,12,4.63,170
HL2224,Seaport,42.35046,-71.05586,2,2.0,815,5,4.93,390
HL2759,Allston-Brighton,42.35712,-71.15462,4,2.5,1665,8,4.66,195
HL2092,Beacon Hill,42.35777,-71.07287,1,2.0,565,4,4.67,325
HL2151,North End,42.3632,-71.05319,3,2.0,955,4,4.87,365
HL2880,Dorchester,42.29697,-71.07081,3,2.0,1305,5,4.6,155
HL2317,South End,42.34362,-71.07837,1,2.0,645,6,4.83,260
HL2448,Fenway-Kenmore,42.34406,-71.09211,1,1.0,570,5,4.02,170
HL2803,Mission Hill,42.32735,-71.1,3,1.5,1510,2,4.84,205
HL2745,Allston-Brighton,42.35512,-71.12429,1,2.0,735,8,4.89,170
HL2522,South Boston,42.33601,-71.03528,3,2.5,1340,6,4.81,310
HL2279,Downtown,42.35482,-71.05879,1,1.0,520,1,4.77,225
HL2583,East Boston,42.36284,-71.03348,1,1.5,615,5,4.74,145
HL2764,Allston-Brighton,42.3543,-71.13011,1,2.5,635,6,4.77,105
HL2604,East Boston,42.37128,-71.03769,4,2.5,2010,15,4.31,190
HL2349,South End,42.3347,-71.06668,0,1.0,360,2,4.57,170
HL2374,South End,42.3331,-71.07864,2,1.5,1000,6,4.85,280
HL2400,Fenway-Kenmore,42.34088,-71.09837,1,1.5,560,14,4.71,175
HL2704,Jamaica Plain,42.31862,-71.1219,3,2.0,1320,10,4.01,160
HL2257,Seaport,42.34823,-71.03781,2,1.5,780,5,4.53,365
HL2851,Dorchester,42.30182,-71.07092,1,1.5,695,25,4.65,110
HL2072,Back Bay,42.34571,-71.07115,2,2.0,1020,6,4.29,435
HL2195,North End,42.36585,-71.05769,2,2.0,545,9,4.78,305
HL2483,Charlestown,42.3777,-71.06618,2,2.0,950,6,4.58,290
HL2855,Dorchester,42.30082,-71.06359,1,1.0,840,7,4.64,125
HL2137,Beacon Hill,42.36145,-71.07093,1,1.0,545,7,4.97,290
HL2494,Charlestown,42.37276,-71.07025,2,2.0,820,4,4.47,240
HL2772,Allston-Brighton,42.34947,-71.13902,1,1.5,555,6,4.85,120
HL2550,South Boston,42.3328,-71.04184,1,1.0,660,19,4.93,160
HL2462,Charlestown,42.37593,-71.05418,1,1.5,710,6,4.72,215
HL2201,North End,42.36783,-71.05658,1,2.0,470,18,4.2,185
HL2312,South End,42.33728,-71.07742,2,1.5,1325,6,4.76,335
HL2290,Downtown,42.3594,-71.0558,3,2.0,935,2,4.65,390
HL2189,North End,42.35776,-71.05662,2,1.5,605,6,4.66,270
HL2763,Allston-Brighton,42.35475,-71.12372,4,3.0,1790,6,4.81,225
HL2112,Beacon Hill,42.36209,-71.06772,1,2.0,615,4,4.23,295
HL2183,North End,42.36313,-71.05411,1,1.0,515,11,4.04,175
HL2152,North End,42.36715,-71.06051,1,1.0,550,8,4.55,260
HL2824,Mission Hill,42.33173,-71.10093,2,2.0,840,8,4.24,125
HL2325,South End,42.33851,-71.07451,1,2.0,790,5,4.93,290
HL2703,Jamaica Plain,42.31922,-71.11349,1,1.5,830,15,4.82,125
HL2044,Back Bay,42.34936,-71.07807,2,2.5,865,2,4.58,365
HL2444,Fenway-Kenmore,42.35091,-71.09746,1,2.0,500,5,4.97,235
HL2787,Mission Hill,42.32491,-71.09874,1,1.5,735,13,3.79,110
HL2006,Back Bay,42.34948,-71.08349,2,2.0,600,5,4.78,320
HL2250,Seaport,42.35287,-71.04393,1,1.5,460,3,4.83,345
HL2823,Mission Hill,42.33307,-71.1022,2,2.0,780,6,4.84,165
HL2075,Back Bay,42.3458,-71.0782,2,1.5,1010,4,4.73,390
HL2512,South Boston,42.33005,-71.03288,1,1.5,815,6,4.78,180
HL2391,Fenway-Kenmore,42.34717,-71.0938,0,1.0,335,3,4.98,245
HL2432,Fenway-Kenmore,42.34809,-71.09754,2,1.0,715,5,4.68,310
HL2068,Back Bay,42.35273,-71.09461,2,2.0,875,6,4.34,345
HL2167,North End,42.36016,-71.05507,2,2.0,660,8,4.66,460
HL2730,Allston-Brighton,42.34771,-71.14054,1,2.0,550,6,4.57,135
HL2554,South Boston,42.32588,-71.04582,2,2.0,805,16,4.56,210
HL2366,South End,42.33864,-71.07289,1,2.0,710,1,4.35,255
HL2345,South End,42.3414,-71.07338,3,2.5,1260,2,4.91,350
HL2584,East Boston,42.37309,-71.04047,1,1.0,760,8,3.79,85
HL2535,South Boston,42.33345,-71.04065,3,2.5,1300,8,4.88,230
HL2398,Fenway-Kenmore,42.34404,-71.09429,4,3.5,1045,6,4.76,315
HL2185,North End,42.36565,-71.05521,0,1.0,280,5,4.66,210
HL2348,South End,42.34293,-71.07594,4,2.5,1935,9,4.6,470
HL2615,East Boston,42.37246,-71.03734,2,1.5,905,6,4.75,130
HL2211,Seaport,42.34878,-71.04387,2,2.0,975,11,4.79,285
HL2579,East Boston,42.3735,-71.03138,0,1.0,420,11,4.93,110
HL2502,Charlestown,42.37641,-71.05906,0,1.0,355,4,3.97,160
HL2537,South Boston,42.33342,-71.05427,2,1.5,910,10,4.84,220
HL2196,North End,42.36742,-71.05164,3,2.5,645,5,4.89,430
HL2175,North End,42.36013,-71.05687,1,1.0,465,1,4.56,210
