appraisal_id,brand,brand_tier,age_years,mileage,engine_liters,horsepower,fuel_type,transmission,num_owners,accident_history,condition_grade,rule_of_thumb_offer
LA-27100,Chevrolet,Mainstream,1,23100,2.5,146,Gasoline,Automatic,2,0,3,26900
LA-27101,Ford,Mainstream,14,260300,2.5,180,Hybrid,Automatic,2,0,4,800
LA-27102,Honda,Mainstream,2,32600,1.5,97,Gasoline,Automatic,2,0,3,24300
LA-27103,Mercedes,Luxury,5,75600,1.8,113,Gasoline,Automatic,1,1,3,22600
LA-27104,BMW,Luxury,7,92000,5.0,354,Gasoline,Automatic,1,1,2,14400
LA-27105,Hyundai,Economy,3,40800,3.5,236,Gasoline,Automatic,2,0,4,17700
LA-27106,Kia,Economy,8,69100,3.0,219,Gasoline,Automatic,1,1,3,5200
LA-27107,Kia,Economy,3,21500,2.0,150,Gasoline,Automatic,3,1,3,16000
LA-27108,Hyundai,Economy,1,8700,2.5,166,Gasoline,Automatic,1,0,5,22600
LA-27109,Ford,Mainstream,6,128000,0.0,254,Electric,Automatic,1,0,3,11600
LA-27110,Toyota,Mainstream,7,105000,2.0,162,Gasoline,Automatic,2,0,3,10300
LA-27111,Chevrolet,Mainstream,7,78000,2.5,178,Gasoline,Automatic,3,0,4,11500
LA-27112,Mercedes,Luxury,12,156400,2.5,150,Hybrid,Automatic,5,0,4,5300
LA-27113,Ford,Mainstream,2,39600,2.0,134,Gasoline,Automatic,1,1,2,22100
LA-27114,Chevrolet,Mainstream,5,66200,0.0,289,Electric,Automatic,4,1,4,15200
LA-27115,Nissan,Economy,11,180700,2.0,154,Gasoline,Automatic,1,0,3,900
LA-27116,Honda,Mainstream,11,88100,2.5,189,Hybrid,Automatic,2,0,3,3600
LA-27117,Kia,Economy,14,156600,1.8,139,Gasoline,Automatic,2,0,2,2500
LA-27118,Honda,Mainstream,8,95300,2.0,150,Gasoline,Automatic,1,0,3,8400
LA-27119,Ford,Mainstream,10,131200,2.0,151,Gasoline,Automatic,3,0,3,3200
LA-27120,Audi,Luxury,2,28500,5.0,311,Gasoline,Automatic,2,0,3,36700
LA-27121,Hyundai,Economy,14,157400,1.8,128,Gasoline,Automatic,4,0,3,2900
LA-27122,Kia,Economy,1,20900,1.8,114,Gasoline,Automatic,1,0,4,21900
LA-27123,Honda,Mainstream,4,59900,1.8,133,Hybrid,Manual,1,0,4,19100
LA-27124,Chevrolet,Mainstream,10,110900,0.0,226,Electric,Automatic,1,0,4,4000
