date,day_of_week,is_weekend,is_holiday_week,new_snow_in,base_depth_in,temp_f,wind_mph,lifts_on_wind_hold,season_pass_holders,promo_active,competitor_open,revenue
2020-11-27,Fri,0,0,0.4,27.9,29.0,12.9,0,3875,0,1,5827
2020-11-28,Sat,1,0,1.4,28.5,34.5,20.6,0,3881,0,0,13587
2020-11-29,Sun,1,0,0.1,28.1,21.5,8.0,0,3930,1,1,18395
2020-11-30,Mon,0,0,6.8,32.7,21.8,25.0,0,3867,0,1,26364
2020-12-01,Tue,0,0,0.0,32.3,19.5,27.5,0,3817,0,1,14506
2020-12-02,Wed,0,0,0.1,31.9,29.5,32.6,1,3776,0,0,5696
2020-12-03,Thu,0,0,0.1,31.5,12.0,10.5,0,3789,1,0,12029
2020-12-04,Fri,0,0,0.5,31.5,20.7,30.6,1,3764,1,1,8533
2020-12-05,Sat,1,0,0.7,31.5,11.6,12.6,0,3847,0,1,16969
2020-12-06,Sun,1,0,10.8,39.2,14.9,30.6,1,3799,0,1,19599
2020-12-07,Mon,0,0,0.5,39.1,17.1,37.4,1,3806,1,1,5267
2020-12-08,Tue,0,0,0.2,38.8,32.8,12.7,0,3725,0,1,6306
2020-12-09,Wed,0,0,2.3,40.1,20.2,19.3,0,3811,0,1,9963
2020-12-10,Thu,0,0,12.0,48.6,21.1,24.6,0,3775,0,1,28445
2020-12-11,Fri,0,0,0.4,48.5,18.7,17.7,0,3821,0,1,8425
2020-12-12,Sat,1,0,3.8,50.9,21.7,20.7,0,3800,0,1,33337
2020-12-13,Sun,1,0,0.1,50.5,16.1,7.6,0,3756,0,1,19984
2020-12-14,Mon,0,0,0.2,50.2,24.5,18.7,0,3806,0,1,7032
2020-12-15,Tue,0,0,0.5,50.1,13.3,2.0,0,3793,0,1,7018
2020-12-16,Wed,0,0,0.7,50.2,22.5,20.0,0,3907,0,1,8215
2020-12-17,Thu,0,0,0.3,50.0,19.5,4.2,0,3804,0,1,8683
2020-12-18,Fri,0,0,0.0,49.5,16.9,9.1,0,3691,0,1,6352
2020-12-19,Sat,1,0,0.0,49.1,17.4,24.1,0,3770,0,1,29521
2020-12-20,Sun,1,1,0.1,48.7,15.8,6.9,0,3743,0,1,40681
2020-12-21,Mon,0,1,0.2,48.4,23.5,10.7,0,3768,0,0,27868
2020-12-22,Tue,0,1,0.2,48.1,11.5,13.3,0,3657,0,1,27944
2020-12-23,Wed,0,1,11.3,56.1,21.8,11.4,0,3752,0,1,95625
2020-12-24,Thu,0,1,0.0,55.7,26.9,13.5,0,3859,1,1,32456
2020-12-25,Fri,0,1,0.1,55.3,27.6,20.8,0,3845,1,1,35421
2020-12-26,Sat,1,1,5.5,59.0,26.0,24.6,0,3718,1,1,67472
2020-12-27,Sun,1,1,12.3,67.7,18.5,17.6,0,3845,0,1,148024
2020-12-28,Mon,0,1,0.2,67.4,29.6,36.6,1,3812,1,1,13644
2020-12-29,Tue,0,1,0.0,67.0,21.6,13.8,0,3833,0,1,42732
2020-12-30,Wed,0,1,0.0,66.5,23.1,6.9,0,3950,0,1,34051
2020-12-31,Thu,0,1,0.6,66.5,19.0,5.0,0,3676,0,1,31545
2021-01-01,Fri,0,1,12.2,75.2,22.6,6.7,0,3826,0,1,83602
2021-01-02,Sat,1,1,0.2,74.9,20.2,12.8,0,3914,0,1,51904
2021-01-03,Sun,1,0,6.1,79.1,17.5,25.3,0,3834,0,1,83196
2021-01-04,Mon,0,0,0.2,78.8,10.0,8.5,0,3888,0,1,7819
2021-01-05,Tue,0,0,0.2,78.5,19.0,8.1,0,3722,0,1,7557
2021-01-06,Wed,0,0,10.8,86.1,20.6,18.5,0,3798,0,1,31807
2021-01-07,Thu,0,0,0.7,86.2,26.6,5.1,0,3827,0,1,6007
2021-01-08,Fri,0,0,0.7,86.3,21.1,21.4,0,3755,1,0,15873
2021-01-09,Sat,1,0,13.1,95.6,23.7,20.0,0,3820,0,1,67969
2021-01-10,Sun,1,0,0.7,95.7,25.1,9.9,0,3902,0,1,23426
2021-01-11,Mon,0,0,0.0,95.3,25.9,15.5,0,3829,1,1,15538
2021-01-12,Tue,0,0,0.1,94.9,7.7,9.9,0,3812,0,1,10671
2021-01-13,Wed,0,0,0.3,94.7,13.6,1.3,0,3807,1,1,11889
2021-01-14,Thu,0,0,0.0,94.2,17.1,6.1,0,3658,0,1,12942
2021-01-15,Fri,0,0,0.1,93.8,14.9,6.2,0,3739,0,1,9776
2021-01-16,Sat,1,1,15.3,104.9,22.2,27.4,0,3812,0,1,137522
2021-01-17,Sun,1,1,0.5,104.8,27.0,13.5,0,3784,0,0,62354
2021-01-18,Mon,0,1,10.5,112.2,15.2,34.5,1,3772,0,1,56449
2021-01-19,Tue,0,0,2.2,113.4,17.4,10.7,0,3764,1,1,19100
2021-01-20,Wed,0,0,4.8,116.6,12.6,16.5,0,3804,1,1,17389
2021-01-21,Thu,0,0,5.8,120.5,30.1,25.3,0,3752,0,1,9624
2021-01-22,Fri,0,0,0.2,120.2,20.4,3.9,0,3800,0,0,13152
2021-01-23,Sat,1,0,0.0,119.7,18.3,5.7,0,3705,0,1,23044
2021-01-24,Sun,1,0,0.0,119.3,18.6,15.4,0,3829,0,1,34835
2021-01-25,Mon,0,0,8.8,125.4,25.2,48.1,1,3831,0,1,10796
2021-01-26,Tue,0,0,6.8,130.0,18.1,11.0,0,3814,0,1,24085
2021-01-27,Wed,0,0,0.0,129.6,19.8,14.4,0,3972,1,0,18390
2021-01-28,Thu,0,0,3.4,130.0,24.6,21.9,0,3812,0,1,16204
2021-01-29,Fri,0,0,1.5,130.0,21.6,5.8,0,3763,1,1,12811
2021-01-30,Sat,1,0,7.8,130.0,17.6,31.6,1,3866,0,0,40229
2021-01-31,Sun,1,0,1.2,130.0,13.5,23.1,0,3780,0,1,29680
2021-02-01,Mon,0,0,0.2,129.7,20.3,12.4,0,3822,0,1,9477
2021-02-02,Tue,0,0,0.3,129.5,22.6,17.9,0,3775,0,1,9589
2021-02-03,Wed,0,0,0.5,129.4,26.2,12.0,0,3865,0,0,9720
2021-02-04,Thu,0,0,3.8,130.0,26.1,14.3,0,3919,0,1,13812
2021-02-05,Fri,0,0,0.1,129.6,18.9,6.5,0,3716,0,1,6082
2021-02-06,Sat,1,0,0.0,129.2,10.7,19.1,0,3833,0,1,15876
2021-02-07,Sun,1,0,3.9,130.0,20.7,12.3,0,3891,0,1,42053
2021-02-08,Mon,0,0,11.0,130.0,23.0,15.6,0,3884,0,1,31887
2021-02-09,Tue,0,0,3.5,130.0,29.3,13.9,0,3816,0,0,19651
2021-02-10,Wed,0,0,1.0,130.0,13.7,16.1,0,3855,0,1,8457
2021-02-11,Thu,0,0,0.8,130.0,1.7,20.7,0,3791,1,0,15843
2021-02-12,Fri,0,0,0.6,130.0,29.4,23.1,0,3810,1,1,18541
2021-02-13,Sat,1,0,1.5,130.0,12.7,17.2,0,3708,0,1,23107
2021-02-14,Sun,1,1,5.6,130.0,27.3,12.3,0,3768,0,1,106697
2021-02-15,Mon,0,1,0.2,129.7,15.1,24.4,0,3758,1,1,35751
2021-02-16,Tue,0,1,13.9,130.0,24.9,16.0,0,3761,0,1,91010
2021-02-17,Wed,0,1,10.4,130.0,27.9,13.2,0,3909,0,1,95837
2021-02-18,Thu,0,1,0.7,130.0,24.2,8.0,0,3718,0,1,34882
2021-02-19,Fri,0,1,4.5,130.0,23.4,21.8,0,3936,0,1,44336
2021-02-20,Sat,1,1,0.7,130.0,16.6,11.4,0,3832,1,1,61123
2021-02-21,Sun,1,1,0.1,129.6,24.0,18.2,0,3744,0,1,55553
2021-02-22,Mon,0,1,3.9,130.0,5.6,19.8,0,3954,0,1,34307
2021-02-23,Tue,0,0,0.4,129.9,7.0,15.3,0,3859,1,1,12422
2021-02-24,Wed,0,0,0.3,129.6,16.3,13.7,0,3767,0,1,11204
2021-02-25,Thu,0,0,0.0,129.2,23.6,7.6,0,3783,1,1,10035
2021-02-26,Fri,0,0,0.5,129.1,27.4,21.3,0,3860,0,1,10554
2021-02-27,Sat,1,0,0.0,128.7,26.0,9.8,0,3876,0,1,24339
2021-02-28,Sun,1,0,0.5,128.6,28.3,29.0,0,3828,0,1,25700
2021-03-01,Mon,0,0,12.5,130.0,13.8,21.8,0,3810,1,1,32556
2021-03-02,Tue,0,0,10.3,130.0,24.3,18.3,0,3911,0,1,26912
2021-03-03,Wed,0,0,0.4,129.9,14.3,34.4,1,3763,1,1,5555
2021-03-04,Thu,0,0,0.3,129.6,11.8,11.5,0,3906,1,1,10876
2021-03-05,Fri,0,0,7.2,130.0,31.9,28.8,0,3918,1,1,19268
2021-03-06,Sat,1,0,1.8,130.0,9.7,13.6,0,3793,0,1,31259
2021-03-07,Sun,1,0,2.4,130.0,21.6,8.4,0,3765,0,1,30818
2021-03-08,Mon,0,0,0.0,129.6,21.4,22.4,0,3744,0,0,14157
2021-03-09,Tue,0,0,0.8,129.7,15.2,6.6,0,3865,0,1,8425
2021-03-10,Wed,0,0,0.2,129.4,19.4,26.0,0,3923,0,0,8878
2021-03-11,Thu,0,0,0.1,129.0,19.9,17.5,0,3805,1,1,10625
2021-03-12,Fri,0,0,0.0,128.6,22.8,6.6,0,3830,0,1,7246
2021-03-13,Sat,1,0,0.7,128.7,20.4,15.6,0,3799,0,1,16712
2021-03-14,Sun,1,0,0.8,128.8,24.7,6.2,0,3764,1,1,23732
2021-03-15,Mon,0,0,0.1,128.4,28.5,35.5,1,3885,0,1,6030
2021-03-16,Tue,0,0,0.0,128.0,36.0,18.0,0,3838,1,1,7155
2021-03-17,Wed,0,0,0.1,127.6,15.7,17.7,0,3808,1,1,14009
2021-03-18,Thu,0,0,0.4,127.5,28.1,10.1,0,3904,0,1,7539
2021-03-19,Fri,0,0,2.0,128.5,16.2,17.5,0,3881,1,1,16779
2021-03-20,Sat,1,0,7.6,130.0,31.1,17.3,0,3815,0,1,43285
2021-03-21,Sun,1,0,4.2,130.0,27.7,23.9,0,3878,0,0,31646
2021-03-22,Mon,0,0,0.1,129.6,19.7,4.7,0,3768,0,1,11817
2021-03-23,Tue,0,0,0.0,129.2,16.5,17.8,0,3732,0,1,7377
2021-03-24,Wed,0,0,8.1,130.0,27.7,27.0,0,3941,0,0,27558
2021-03-25,Thu,0,0,0.5,129.9,35.8,7.7,0,3774,0,1,7752
2021-03-26,Fri,0,0,0.0,129.5,24.0,16.1,0,3788,0,1,11652
2021-03-27,Sat,1,0,0.6,129.5,25.6,14.1,0,3832,0,1,30604
2021-03-28,Sun,1,0,0.2,129.2,24.3,31.0,1,3847,1,1,16268
2021-03-29,Mon,0,0,0.0,128.7,9.3,5.1,0,3859,0,1,5403
2021-03-30,Tue,0,0,0.4,128.6,24.8,13.7,0,3763,0,0,7041
2021-03-31,Wed,0,0,0.1,128.2,24.5,10.9,0,3867,0,0,9347
2021-04-01,Thu,0,0,0.5,128.1,24.3,20.1,0,3749,0,1,6662
2021-04-02,Fri,0,0,0.2,127.8,17.8,15.0,0,3874,0,1,6244
2021-04-03,Sat,1,0,6.1,130.0,31.4,23.3,0,3915,0,1,36181
2021-04-04,Sun,1,0,0.2,129.7,36.6,22.6,0,3811,0,1,9583
2021-04-05,Mon,0,0,0.2,129.4,36.3,17.5,0,3826,0,1,5454
2021-04-06,Tue,0,0,6.6,130.0,33.9,33.7,1,3807,0,1,6542
2021-04-07,Wed,0,0,3.0,130.0,30.0,29.6,0,3909,0,1,12323
2021-04-08,Thu,0,0,0.0,129.6,26.7,8.7,0,3786,0,1,6152
2021-04-09,Fri,0,0,0.9,129.8,31.4,35.5,1,3852,0,1,5958
2021-04-10,Sat,1,0,0.3,129.6,22.0,16.6,0,3773,0,1,17006
2021-04-11,Sun,1,0,1.3,130.0,27.7,12.4,0,3774,0,1,17091
2021-11-26,Fri,0,0,0.1,27.6,24.5,8.2,0,4015,0,1,6795
2021-11-27,Sat,1,0,0.0,27.2,25.0,26.4,0,3989,0,1,11891
2021-11-28,Sun,1,0,3.1,29.1,21.6,12.8,0,3922,0,1,28942
2021-11-29,Mon,0,0,0.0,28.6,26.0,21.7,0,3957,0,0,10157
2021-11-30,Tue,0,0,0.4,28.5,27.2,17.0,0,3938,1,1,11332
2021-12-01,Wed,0,0,1.7,29.3,31.3,22.9,0,3968,0,1,7865
2021-12-02,Thu,0,0,7.1,34.1,20.3,32.0,1,3986,0,1,11328
2021-12-03,Fri,0,0,0.0,33.7,32.3,18.0,0,3995,0,1,5794
2021-12-04,Sat,1,0,0.1,33.3,10.3,24.0,0,3858,0,1,11923
2021-12-05,Sun,1,0,1.2,33.8,19.2,13.1,0,3924,0,1,25759
2021-12-06,Mon,0,0,0.2,33.5,10.3,17.6,0,3942,1,0,16325
2021-12-07,Tue,0,0,0.3,33.2,33.9,7.2,0,3987,0,1,6312
2021-12-08,Wed,0,0,1.1,33.6,21.4,3.2,0,3874,1,1,14018
2021-12-09,Thu,0,0,11.9,42.1,21.7,21.6,0,4040,0,1,26508
2021-12-10,Fri,0,0,0.7,42.2,10.5,9.0,0,3993,0,1,8614
2021-12-11,Sat,1,0,0.1,41.8,8.8,13.5,0,4080,0,1,19253
2021-12-12,Sun,1,0,0.1,41.4,22.4,22.6,0,4003,0,1,18952
2021-12-13,Mon,0,0,0.7,41.5,27.3,4.8,0,3947,0,1,12725
2021-12-14,Tue,0,0,9.8,48.4,25.7,16.0,0,3990,0,1,36645
2021-12-15,Wed,0,0,0.1,48.0,25.0,16.0,0,4012,0,1,9319
2021-12-16,Thu,0,0,1.0,48.3,12.5,7.2,0,3904,0,1,12572
2021-12-17,Fri,0,0,0.0,47.9,21.5,15.4,0,4031,0,1,11200
2021-12-18,Sat,1,0,0.2,47.6,7.9,7.5,0,3931,1,1,20104
2021-12-19,Sun,1,0,0.2,47.3,18.8,8.1,0,4059,0,1,25651
2021-12-20,Mon,0,1,1.1,47.6,15.7,22.6,0,4000,0,1,37595
2021-12-21,Tue,0,1,0.1,47.3,14.8,38.0,1,3951,0,1,22266
2021-12-22,Wed,0,1,0.1,46.9,20.3,10.3,0,3866,0,1,35019
2021-12-23,Thu,0,1,0.4,46.7,23.0,45.4,1,3890,0,1,11878
2021-12-24,Fri,0,1,7.1,51.6,21.4,22.5,0,4032,0,1,71359
2021-12-25,Sat,1,1,4.0,54.2,16.6,34.1,1,3886,1,1,40409
2021-12-26,Sun,1,1,0.8,54.3,31.1,34.6,1,4047,0,1,10669
2021-12-27,Mon,0,1,16.6,66.3,27.4,11.9,0,3882,0,1,112008
2021-12-28,Tue,0,1,0.8,66.5,7.0,4.2,0,3986,0,1,23222
2021-12-29,Wed,0,1,4.4,69.3,22.9,42.0,1,3934,1,1,47241
2021-12-30,Thu,0,1,0.3,69.1,19.0,6.3,0,3945,0,1,34622
2021-12-31,Fri,0,1,6.8,73.7,34.7,15.0,0,3953,0,1,41390
2022-01-01,Sat,1,1,0.1,73.4,2.8,22.3,0,3938,0,1,29103
2022-01-02,Sun,1,1,1.0,73.7,28.5,18.9,0,3985,0,1,67073
2022-01-03,Mon,0,0,1.1,74.0,22.9,13.6,0,4092,0,1,9679
2022-01-04,Tue,0,0,8.9,80.3,18.8,17.6,0,3989,0,1,25885
2022-01-05,Wed,0,0,0.1,79.9,16.5,8.3,0,4013,0,1,9648
2022-01-06,Thu,0,0,0.9,80.1,6.7,16.9,0,3976,0,1,7960
2022-01-07,Fri,0,0,0.4,80.0,15.0,8.4,0,3931,0,0,17425
2022-01-08,Sat,1,0,1.3,80.5,15.4,7.6,0,3960,0,1,26819
2022-01-09,Sun,1,0,0.0,80.0,28.8,13.0,0,3969,0,1,22172
2022-01-10,Mon,0,0,0.1,79.7,17.6,13.0,0,3966,0,0,9982
2022-01-11,Tue,0,0,12.9,88.9,21.8,15.3,0,3994,0,1,29411
2022-01-12,Wed,0,0,0.5,88.8,20.4,6.0,0,3957,0,1,10426
2022-01-13,Thu,0,0,2.1,89.9,14.0,36.7,1,3921,0,1,7420
2022-01-14,Fri,0,0,0.0,89.5,22.0,1.5,0,3973,0,1,10420
2022-01-15,Sat,1,1,0.1,89.1,24.7,23.6,0,4034,0,1,53180
2022-01-16,Sun,1,1,4.7,92.2,21.1,15.0,0,4010,0,1,69992
2022-01-17,Mon,0,1,16.5,104.1,28.4,24.9,0,3989,0,1,101971
2022-01-18,Tue,0,0,5.1,107.5,29.8,40.2,1,4024,0,1,7615
2022-01-19,Wed,0,0,0.8,107.6,18.6,22.1,0,3902,0,1,8783
2022-01-20,Thu,0,0,5.0,110.9,18.5,15.1,0,3887,0,1,18038
2022-01-21,Fri,0,0,0.0,110.5,14.6,10.2,0,3918,0,1,8370
2022-01-22,Sat,1,0,0.0,110.0,2.8,12.4,0,3962,0,1,24435
2022-01-23,Sun,1,0,0.1,109.7,17.6,23.4,0,3970,0,1,20519
2022-01-24,Mon,0,0,0.0,109.2,13.6,6.5,0,3887,0,1,8585
2022-01-25,Tue,0,0,0.1,108.8,22.8,7.4,0,3968,1,1,12181
2022-01-26,Wed,0,0,0.8,109.0,23.9,24.3,0,3974,0,1,7897
2022-01-27,Thu,0,0,1.4,109.6,18.5,7.2,0,3975,0,1,16101
2022-01-28,Fri,0,0,0.3,109.4,13.1,27.2,0,3954,0,1,8077
2022-01-29,Sat,1,0,0.2,109.1,20.1,11.3,0,3951,0,1,33206
2022-01-30,Sun,1,0,6.6,113.6,33.9,24.3,0,3948,0,1,46578
2022-01-31,Mon,0,0,0.0,113.1,14.8,29.4,0,4055,0,1,11148
2022-02-01,Tue,0,0,0.3,112.9,33.1,17.6,0,4049,0,1,10668
2022-02-02,Wed,0,0,2.4,114.2,31.6,22.7,0,4089,0,1,8050
2022-02-03,Thu,0,0,0.6,114.2,14.6,8.3,0,4057,0,1,8940
2022-02-04,Fri,0,0,3.6,116.5,11.7,22.0,0,3939,0,1,14582
2022-02-05,Sat,1,0,0.2,116.2,29.5,8.9,0,3937,1,0,40731
2022-02-06,Sun,1,0,0.4,116.0,13.2,5.0,0,3963,0,1,21486
2022-02-07,Mon,0,0,6.9,120.8,23.6,9.0,0,3853,0,1,24563
2022-02-08,Tue,0,0,1.0,121.1,22.3,31.5,1,4040,0,1,5792
2022-02-09,Wed,0,0,12.2,129.8,26.7,29.9,0,4016,0,1,28992
2022-02-10,Thu,0,0,0.4,129.6,26.4,1.2,0,3943,0,1,13654
2022-02-11,Fri,0,0,10.2,130.0,24.4,11.4,0,3927,0,1,22981
2022-02-12,Sat,1,0,0.0,129.6,14.5,20.7,0,3957,0,1,29781
2022-02-13,Sun,1,0,11.7,130.0,18.5,25.8,0,3959,1,1,93587
2022-02-14,Mon,0,1,1.1,130.0,8.7,47.4,1,3999,0,0,17338
2022-02-15,Tue,0,1,0.1,129.6,20.8,7.8,0,4040,1,1,43571
2022-02-16,Wed,0,1,0.2,129.3,20.3,3.1,0,3986,0,1,32601
2022-02-17,Thu,0,1,0.8,129.5,22.6,23.2,0,4060,0,1,26350
2022-02-18,Fri,0,1,0.0,129.0,14.3,15.6,0,3901,1,1,40051
2022-02-19,Sat,1,1,0.6,129.0,22.0,29.7,0,4056,0,1,60814
2022-02-20,Sun,1,1,0.4,128.9,25.0,37.9,1,3959,0,1,29199
2022-02-21,Mon,0,1,0.9,129.1,22.3,19.3,0,4009,0,1,31956
2022-02-22,Tue,0,1,0.1,128.7,32.2,14.4,0,4015,1,1,25205
2022-02-23,Wed,0,0,1.9,129.7,16.2,24.9,0,3991,0,1,9359
2022-02-24,Thu,0,0,3.9,130.0,30.4,13.2,0,3889,0,1,9527
2022-02-25,Fri,0,0,0.3,129.8,29.0,4.4,0,3981,0,1,11324
2022-02-26,Sat,1,0,1.0,130.0,16.1,11.6,0,3949,1,1,35858
2022-02-27,Sun,1,0,0.5,129.9,14.2,17.1,0,3927,0,0,31705
2022-02-28,Mon,0,0,0.1,129.6,17.9,29.4,0,3961,0,1,7749
2022-03-01,Tue,0,0,0.1,129.2,22.2,3.3,0,3999,0,1,10589
2022-03-02,Wed,0,0,0.1,128.8,20.9,10.2,0,4044,0,1,9274
2022-03-03,Thu,0,0,4.3,130.0,25.7,19.7,0,3965,0,0,19508
2022-03-04,Fri,0,0,11.6,130.0,15.7,28.0,0,4046,0,1,29892
2022-03-05,Sat,1,0,0.0,129.6,21.1,29.4,0,4005,0,1,16454
2022-03-06,Sun,1,0,8.4,130.0,25.6,9.2,0,3932,0,1,69161
2022-03-07,Mon,0,0,0.0,129.6,28.6,37.1,1,4063,0,1,6820
2022-03-08,Tue,0,0,0.8,129.7,19.8,29.2,0,3894,0,0,11205
2022-03-09,Wed,0,0,1.1,130.0,28.1,32.0,1,3845,0,0,10975
2022-03-10,Thu,0,0,0.0,129.6,22.6,6.0,0,4015,0,1,9377
2022-03-11,Fri,0,0,11.6,130.0,20.2,9.9,0,3864,1,1,36866
2022-03-12,Sat,1,0,0.3,129.8,10.4,6.6,0,4029,0,1,18784
2022-03-13,Sun,1,0,0.0,129.3,35.9,8.7,0,4120,0,1,9652
2022-03-14,Mon,0,0,0.0,128.9,23.4,17.9,0,3887,0,1,7563
2022-03-15,Tue,0,0,0.0,128.4,18.7,17.0,0,3978,0,0,8868
2022-03-16,Wed,0,0,0.4,128.3,30.3,17.3,0,4009,1,1,9859
2022-03-17,Thu,0,0,12.3,130.0,30.8,17.5,0,3976,0,0,29013
2022-03-18,Fri,0,0,0.1,129.6,36.1,10.6,0,3902,0,1,6637
2022-03-19,Sat,1,0,0.6,129.6,24.8,19.7,0,3950,0,1,25159
2022-03-20,Sun,1,0,0.4,129.5,23.6,11.1,0,3959,0,1,20611
2022-03-21,Mon,0,0,3.7,130.0,26.2,32.6,1,3932,0,0,9966
2022-03-22,Tue,0,0,0.3,129.8,29.4,17.1,0,3968,0,1,7999
2022-03-23,Wed,0,0,0.5,129.7,26.9,17.2,0,4032,0,1,6545
2022-03-24,Thu,0,0,0.0,129.3,13.2,15.6,0,4151,0,1,7030
2022-03-25,Fri,0,0,0.1,128.9,33.1,10.4,0,3930,1,1,12082
2022-03-26,Sat,1,0,6.8,130.0,37.2,13.0,0,3870,0,0,34499
2022-03-27,Sun,1,0,1.1,130.0,23.9,6.3,0,3899,0,0,26625
2022-03-28,Mon,0,0,0.0,129.6,25.6,11.4,0,4070,0,1,10724
2022-03-29,Tue,0,0,0.9,129.8,25.6,10.8,0,3860,0,1,7081
2022-03-30,Wed,0,0,0.0,129.3,25.4,18.1,0,3935,0,1,9398
2022-03-31,Thu,0,0,0.0,128.9,16.7,13.9,0,3924,0,0,16321
2022-04-01,Fri,0,0,0.0,128.4,24.5,13.8,0,3938,0,1,11319
2022-04-02,Sat,1,0,1.3,129.0,21.2,17.9,0,4047,0,1,15358
2022-04-03,Sun,1,0,0.0,128.5,21.4,23.0,0,3960,0,1,17408
2022-04-04,Mon,0,0,4.2,130.0,34.5,13.6,0,3987,0,1,5009
2022-04-05,Tue,0,0,2.6,130.0,15.4,9.1,0,3920,1,1,14026
2022-04-06,Wed,0,0,1.9,130.0,21.1,19.3,0,4047,1,1,13466
2022-04-07,Thu,0,0,1.3,130.0,27.5,11.8,0,3951,1,1,11013
2022-04-08,Fri,0,0,11.4,130.0,32.5,17.6,0,4013,0,1,14617
2022-04-09,Sat,1,0,3.4,130.0,27.1,12.6,0,3910,0,1,25046
2022-04-10,Sun,1,0,0.3,129.8,28.1,10.0,0,4024,0,1,18149
2022-11-25,Fri,0,0,1.9,29.0,19.1,10.8,0,4114,1,1,13628
2022-11-26,Sat,1,0,0.4,28.8,24.1,25.4,0,4042,1,1,14743
2022-11-27,Sun,1,0,0.0,28.4,10.4,24.1,0,4039,0,1,11933
2022-11-28,Mon,0,0,5.2,31.8,26.2,20.2,0,4107,0,1,12866
2022-11-29,Tue,0,0,0.5,31.8,29.2,18.5,0,4116,0,1,7240
2022-11-30,Wed,0,0,2.1,32.9,9.5,39.1,1,4058,0,1,5658
2022-12-01,Thu,0,0,0.0,32.4,20.7,17.1,0,4095,0,1,6855
2022-12-02,Fri,0,0,0.1,32.0,10.9,14.2,0,4185,1,1,9039
2022-12-03,Sat,1,0,2.8,33.7,30.6,10.0,0,4070,0,1,23987
2022-12-04,Sun,1,0,0.7,33.8,23.4,20.4,0,3997,0,1,19467
2022-12-05,Mon,0,0,0.2,33.5,18.2,12.4,0,4155,0,1,8011
2022-12-06,Tue,0,0,2.8,35.1,26.2,15.0,0,4235,1,1,11447
2022-12-07,Wed,0,0,0.7,35.2,15.5,13.7,0,4102,1,1,14874
2022-12-08,Thu,0,0,0.5,35.1,22.8,23.4,0,4092,0,1,9065
2022-12-09,Fri,0,0,0.1,34.7,23.8,16.6,0,4234,1,0,15655
2022-12-10,Sat,1,0,0.0,34.3,21.5,9.6,0,4099,0,1,24842
2022-12-11,Sun,1,0,3.7,36.6,20.0,41.7,1,4259,0,1,13279
2022-12-12,Mon,0,0,0.0,36.2,26.8,7.3,0,4143,0,1,5843
2022-12-13,Tue,0,0,8.9,42.4,18.2,24.8,0,4146,0,1,22044
2022-12-14,Wed,0,0,1.2,42.8,14.8,10.8,0,4101,0,1,7330
2022-12-15,Thu,0,0,4.4,45.7,35.3,17.5,0,4131,1,1,12192
2022-12-16,Fri,0,0,18.1,58.8,15.0,19.0,0,4103,0,1,31780
2022-12-17,Sat,1,0,0.0,58.4,15.8,5.9,0,4046,0,1,24483
2022-12-18,Sun,1,0,0.4,58.2,17.9,18.5,0,4197,0,1,27604
2022-12-19,Mon,0,0,2.9,59.9,16.4,30.8,1,4082,0,0,8680
2022-12-20,Tue,0,1,0.0,59.5,22.3,23.6,0,4084,0,1,37156
2022-12-21,Wed,0,1,5.7,63.3,23.0,14.8,0,4073,0,1,44948
2022-12-22,Thu,0,1,0.1,62.9,18.3,23.6,0,4057,0,1,33817
2022-12-23,Fri,0,1,8.1,68.6,16.5,19.3,0,4086,0,1,86442
2022-12-24,Sat,1,1,0.4,68.4,23.0,37.1,1,4157,0,1,23369
2022-12-25,Sun,1,1,0.0,68.0,14.4,18.8,0,4014,0,1,58694
2022-12-26,Mon,0,1,0.0,67.5,9.6,7.6,0,4092,0,1,34190
2022-12-27,Tue,0,1,2.7,69.1,31.0,39.4,1,4129,1,1,14547
2022-12-28,Wed,0,1,0.1,68.7,29.7,6.0,0,4191,0,1,38336
2022-12-29,Thu,0,1,0.3,68.5,30.9,9.1,0,4095,1,1,29925
2022-12-30,Fri,0,1,0.0,68.0,25.8,16.3,0,4181,1,1,38295
2022-12-31,Sat,1,1,9.6,74.8,21.5,8.6,0,4099,0,1,143399
2023-01-01,Sun,1,1,0.2,74.5,24.8,24.7,0,4101,0,1,55802
2023-01-02,Mon,0,1,4.8,77.6,18.4,9.6,0,4055,0,1,51072
2023-01-03,Tue,0,0,0.0,77.2,20.6,30.9,1,4155,0,1,5712
2023-01-04,Wed,0,0,0.2,76.9,23.2,21.6,0,4029,0,1,10520
2023-01-05,Thu,0,0,11.0,84.7,22.9,18.9,0,4093,1,1,36918
2023-01-06,Fri,0,0,0.3,84.5,19.5,12.2,0,4035,0,1,13291
2023-01-07,Sat,1,0,4.2,87.2,15.6,16.9,0,4065,0,1,47586
2023-01-08,Sun,1,0,0.3,86.9,10.5,13.3,0,4072,0,1,27797
2023-01-09,Mon,0,0,0.0,86.5,13.6,12.9,0,4081,0,1,10381
2023-01-10,Tue,0,0,0.2,86.2,31.2,6.3,0,4056,0,1,6918
2023-01-11,Wed,0,0,9.2,92.6,21.0,18.9,0,4191,0,1,33919
2023-01-12,Thu,0,0,10.1,99.8,26.4,23.8,0,4126,0,1,36818
2023-01-13,Fri,0,0,0.1,99.4,26.7,25.8,0,4090,0,1,9608
2023-01-14,Sat,1,1,0.3,99.2,2.0,20.0,0,4161,0,1,29124
2023-01-15,Sun,1,1,0.2,98.9,18.7,5.6,0,4161,0,1,54425
2023-01-16,Mon,0,1,0.3,98.6,15.4,14.0,0,4063,1,0,36216
2023-01-17,Tue,0,0,0.3,98.4,30.4,9.5,0,4113,0,1,7896
2023-01-18,Wed,0,0,3.1,100.3,10.8,34.0,1,4079,0,1,9913
2023-01-19,Thu,0,0,12.1,108.9,23.1,16.6,0,4015,0,1,31120
2023-01-20,Fri,0,0,0.9,109.1,30.0,19.0,0,4111,0,1,10242
2023-01-21,Sat,1,0,0.1,108.8,12.8,5.9,0,4035,0,1,18569
2023-01-22,Sun,1,0,0.3,108.5,30.0,23.1,0,4112,0,1,25986
2023-01-23,Mon,0,0,0.0,108.1,15.1,21.0,0,4103,0,1,10239
2023-01-24,Tue,0,0,0.1,107.7,35.6,12.2,0,4143,0,1,7647
2023-01-25,Wed,0,0,0.1,107.3,11.1,8.2,0,4190,0,1,11801
2023-01-26,Thu,0,0,0.0,106.9,16.4,10.7,0,4059,0,1,11802
2023-01-27,Fri,0,0,0.6,106.9,23.5,25.3,0,4048,0,1,13350
2023-01-28,Sat,1,0,0.0,106.4,17.8,16.3,0,4122,0,1,18383
2023-01-29,Sun,1,0,0.0,106.0,11.2,11.3,0,4087,0,0,25672
2023-01-30,Mon,0,0,0.0,105.5,21.9,17.6,0,4071,0,1,8717
2023-01-31,Tue,0,0,4.5,108.5,18.0,22.4,0,4066,0,1,10846
2023-02-01,Wed,0,0,8.4,114.3,24.3,24.7,0,4055,0,1,27897
2023-02-02,Thu,0,0,1.6,115.1,25.8,6.3,0,4105,0,1,8459
2023-02-03,Fri,0,0,0.5,115.0,17.1,14.9,0,4097,0,0,8347
2023-02-04,Sat,1,0,0.1,114.6,22.3,27.7,0,4093,0,1,27249
2023-02-05,Sun,1,0,0.0,114.2,28.5,12.8,0,4044,0,1,28135
2023-02-06,Mon,0,0,0.1,113.8,15.4,13.5,0,4071,0,1,14183
2023-02-07,Tue,0,0,2.0,114.8,27.4,37.6,1,4128,0,1,6193
2023-02-08,Wed,0,0,0.6,114.8,17.7,7.7,0,4133,0,1,12079
2023-02-09,Thu,0,0,0.6,114.8,36.0,17.5,0,4083,0,1,6944
2023-02-10,Fri,0,0,10.3,122.1,21.5,20.7,0,3995,0,1,27059
2023-02-11,Sat,1,0,0.1,121.7,18.4,25.8,0,4044,0,1,25448
2023-02-12,Sun,1,0,1.2,122.2,13.9,6.4,0,4159,1,1,28925
2023-02-13,Mon,0,0,0.3,122.0,15.7,15.6,0,4164,0,1,10864
2023-02-14,Tue,0,1,0.2,121.7,20.9,15.4,0,4133,0,1,37278
2023-02-15,Wed,0,1,0.1,121.3,21.3,21.4,0,4142,0,1,35853
2023-02-16,Thu,0,1,1.5,122.0,23.1,24.6,0,3917,0,0,49077
2023-02-17,Fri,0,1,0.4,121.8,22.2,9.5,0,4139,0,0,30775
2023-02-18,Sat,1,1,0.4,121.7,16.6,49.3,1,4045,0,1,19990
2023-02-19,Sun,1,1,11.2,129.6,28.6,21.3,0,4119,0,0,149064
2023-02-20,Mon,0,1,2.3,130.0,18.1,20.1,0,4111,0,1,50355
2023-02-21,Tue,0,1,0.2,129.7,12.1,20.3,0,4182,1,0,40544
2023-02-22,Wed,0,1,0.2,129.4,13.5,14.5,0,4107,1,1,29513
2023-02-23,Thu,0,0,5.1,130.0,22.6,33.9,1,4050,0,1,7105
2023-02-24,Fri,0,0,0.2,129.7,23.7,7.7,0,4091,1,1,10911
2023-02-25,Sat,1,0,0.0,129.3,18.3,6.9,0,4023,0,1,24651
2023-02-26,Sun,1,0,0.0,128.8,13.3,10.9,0,3956,0,1,15626
2023-02-27,Mon,0,0,0.5,128.7,21.0,30.8,1,4134,0,1,6399
2023-02-28,Tue,0,0,0.0,128.3,13.9,36.7,1,3966,1,1,7288
2023-03-01,Wed,0,0,3.7,130.0,32.3,13.1,0,4094,0,1,7340
2023-03-02,Thu,0,0,0.8,130.0,25.8,10.7,0,4090,0,1,5630
2023-03-03,Fri,0,0,8.1,130.0,29.1,20.2,0,4102,0,1,27700
2023-03-04,Sat,1,0,18.1,130.0,21.5,11.5,0,4146,0,1,76171
2023-03-05,Sun,1,0,0.5,129.9,11.2,22.2,0,4007,0,1,15200
2023-03-06,Mon,0,0,0.1,129.6,26.2,10.5,0,4137,0,1,8474
2023-03-07,Tue,0,0,0.6,129.6,18.7,18.3,0,4171,0,1,8386
2023-03-08,Wed,0,0,0.1,129.2,19.2,12.2,0,4184,0,1,9925
2023-03-09,Thu,0,0,0.2,128.9,11.6,9.8,0,4105,0,1,10006
2023-03-10,Fri,0,0,0.1,128.5,11.5,15.3,0,4203,0,0,11730
2023-03-11,Sat,1,0,5.6,130.0,30.9,8.2,0,4051,0,1,28465
2023-03-12,Sun,1,0,0.5,129.9,30.9,13.0,0,4028,0,1,17477
2023-03-13,Mon,0,0,0.5,129.9,19.9,16.6,0,4130,1,1,9948
2023-03-14,Tue,0,0,4.2,130.0,22.8,41.0,1,4037,0,0,10557
2023-03-15,Wed,0,0,0.0,129.6,31.3,27.8,0,4140,0,1,6641
2023-03-16,Thu,0,0,0.0,129.1,7.4,14.5,0,4129,1,1,10340
2023-03-17,Fri,0,0,2.8,130.0,17.1,11.0,0,4096,0,1,10621
2023-03-18,Sat,1,0,5.4,130.0,29.4,28.7,0,4198,0,1,44947
2023-03-19,Sun,1,0,0.0,129.6,29.4,33.4,1,4138,1,1,17438
2023-03-20,Mon,0,0,0.1,129.2,34.8,13.9,0,4128,0,1,7400
2023-03-21,Tue,0,0,0.0,128.7,23.2,12.3,0,4108,0,1,7844
2023-03-22,Wed,0,0,0.5,128.7,28.0,16.3,0,4134,0,1,10014
2023-03-23,Thu,0,0,0.2,128.4,31.0,29.1,0,4144,1,1,8733
2023-03-24,Fri,0,0,0.1,128.0,21.6,7.3,0,4127,0,1,10768
2023-03-25,Sat,1,0,0.5,127.9,22.4,20.5,0,4163,0,1,33393
2023-03-26,Sun,1,0,0.4,127.8,21.3,12.7,0,4136,0,1,26007
2023-03-27,Mon,0,0,8.8,130.0,28.7,10.4,0,4084,0,1,25623
2023-03-28,Tue,0,0,0.0,129.6,19.3,12.1,0,4073,1,1,12164
2023-03-29,Wed,0,0,0.1,129.2,19.0,28.0,0,4029,0,1,12273
2023-03-30,Thu,0,0,0.3,129.0,30.5,8.0,0,4060,0,1,6807
2023-03-31,Fri,0,0,0.9,129.2,26.4,21.2,0,4041,0,1,10554
2023-04-01,Sat,1,0,0.2,128.9,26.2,11.8,0,4136,0,1,18417
2023-04-02,Sun,1,0,0.1,128.5,17.9,18.2,0,4075,0,1,20508
2023-04-03,Mon,0,0,2.5,129.9,34.4,20.0,0,4141,0,1,7049
2023-04-04,Tue,0,0,6.5,130.0,21.5,30.3,1,4184,1,1,17762
2023-04-05,Wed,0,0,4.3,130.0,24.8,9.9,0,4099,0,1,9895
2023-04-06,Thu,0,0,0.0,129.6,24.4,9.2,0,4060,0,1,5755
2023-04-07,Fri,0,0,2.3,130.0,26.1,41.7,1,4047,0,0,7100
2023-04-08,Sat,1,0,0.4,129.9,29.6,23.0,0,4206,0,1,19759
2023-04-09,Sun,1,0,0.0,129.4,28.4,9.8,0,4154,0,1,22786
2023-11-24,Fri,0,0,0.3,27.8,24.3,14.8,0,4463,0,1,5708
2023-11-25,Sat,1,0,4.5,30.7,22.3,8.8,0,4353,0,1,26414
2023-11-26,Sun,1,0,3.0,32.5,43.3,20.6,0,4439,0,1,14192
2023-11-27,Mon,0,0,5.1,35.9,21.4,16.0,0,4361,0,1,17342
2023-11-28,Tue,0,0,8.5,41.8,25.8,25.5,0,4418,0,1,22241
2023-11-29,Wed,0,0,5.2,45.2,21.9,24.5,0,4387,0,0,20053
2023-11-30,Thu,0,0,0.0,44.8,16.7,13.3,0,4406,1,0,8596
2023-12-01,Fri,0,0,0.4,44.6,21.5,33.4,1,4392,0,1,5444
2023-12-02,Sat,1,0,0.2,44.3,17.7,35.3,1,4372,1,1,13603
2023-12-03,Sun,1,0,0.2,44.0,13.4,26.4,0,4533,0,1,13420
2023-12-04,Mon,0,0,0.8,44.2,22.4,11.9,0,4512,0,0,10417
2023-12-05,Tue,0,0,0.4,44.0,18.5,18.5,0,4494,0,1,8715
2023-12-06,Wed,0,0,0.3,43.8,25.1,36.3,1,4415,1,0,16152
2023-12-07,Thu,0,0,17.1,56.2,13.5,14.9,0,4366,0,1,27230
2023-12-08,Fri,0,0,0.4,56.0,24.9,30.2,1,4364,1,1,7544
2023-12-09,Sat,1,0,9.8,62.9,17.3,15.1,0,4390,0,0,95310
2023-12-10,Sun,1,0,7.5,68.1,23.4,22.8,0,4400,0,1,67346
2023-12-11,Mon,0,0,2.9,69.8,25.8,3.9,0,4449,1,1,16183
2023-12-12,Tue,0,0,0.2,69.5,22.7,18.4,0,4351,0,1,13302
2023-12-13,Wed,0,0,0.2,69.2,22.9,13.5,0,4372,0,1,9197
2023-12-14,Thu,0,0,0.6,69.2,23.3,17.8,0,4489,0,1,16872
2023-12-15,Fri,0,0,1.0,69.5,21.2,7.0,0,4454,0,1,9646
2023-12-16,Sat,1,0,0.2,69.2,23.6,14.0,0,4375,0,1,31482
2023-12-17,Sun,1,0,2.5,70.7,22.6,26.6,0,4438,0,0,45791
2023-12-18,Mon,0,0,0.1,70.3,18.5,24.6,0,4403,0,1,9515
2023-12-19,Tue,0,0,1.2,70.7,12.2,9.4,0,4451,0,1,12791
2023-12-20,Wed,0,1,0.0,70.3,15.5,22.3,0,4385,0,1,34737
2023-12-21,Thu,0,1,0.5,70.2,27.9,11.9,0,4359,0,1,39716
2023-12-22,Fri,0,1,7.6,75.5,30.5,19.6,0,4331,1,1,66652
2023-12-23,Sat,1,1,0.2,75.2,19.2,9.5,0,4242,0,1,50924
2023-12-24,Sun,1,1,13.8,85.1,21.1,19.4,0,4365,0,1,151822
2023-12-25,Mon,0,1,6.7,89.6,12.3,33.2,1,4435,0,1,50578
2023-12-26,Tue,0,1,0.3,89.4,21.0,13.6,0,4319,0,1,40400
2023-12-27,Wed,0,1,0.6,89.4,17.6,15.1,0,4338,0,1,37577
2023-12-28,Thu,0,1,0.1,89.0,14.7,4.2,0,4329,0,1,29871
2023-12-29,Fri,0,1,5.0,92.3,25.3,11.0,0,4341,1,1,61679
2023-12-30,Sat,1,1,0.3,92.1,20.1,9.2,0,4389,0,1,48482
2023-12-31,Sun,1,1,1.6,92.9,22.9,28.2,0,4331,0,1,69648
2024-01-01,Mon,0,1,2.7,94.4,28.3,62.0,1,4510,0,1,16617
2024-01-02,Tue,0,1,3.3,96.5,24.1,9.0,0,4397,0,1,51789
2024-01-03,Wed,0,0,2.0,97.5,32.9,29.0,0,4476,0,1,9342
2024-01-04,Thu,0,0,0.4,97.4,29.1,9.8,0,4327,1,1,17263
2024-01-05,Fri,0,0,18.0,110.4,28.5,13.9,0,4410,0,1,31952
2024-01-06,Sat,1,0,4.2,113.1,24.9,9.7,0,4360,0,1,53366
2024-01-07,Sun,1,0,0.4,113.0,12.5,9.8,0,4231,0,0,32950
2024-01-08,Mon,0,0,0.1,112.6,22.5,11.2,0,4455,0,0,12142
2024-01-09,Tue,0,0,0.1,112.2,27.3,27.7,0,4476,0,1,8063
2024-01-10,Wed,0,0,0.9,112.4,30.9,19.8,0,4435,0,1,10703
2024-01-11,Thu,0,0,0.5,112.4,23.1,17.4,0,4397,0,1,8862
2024-01-12,Fri,0,0,4.8,115.5,27.1,4.7,0,4358,0,1,19010
2024-01-13,Sat,1,1,0.5,115.4,16.7,14.9,0,4362,1,1,69330
2024-01-14,Sun,1,1,0.0,115.0,19.4,23.5,0,4428,0,0,51095
2024-01-15,Mon,0,1,1.1,115.4,16.7,9.4,0,4466,0,1,39381
2024-01-16,Tue,0,0,0.5,115.3,29.3,14.4,0,4306,0,1,11094
2024-01-17,Wed,0,0,0.1,114.9,6.0,20.1,0,4350,0,1,7112
2024-01-18,Thu,0,0,0.0,114.5,17.8,25.0,0,4474,0,0,11861
2024-01-19,Fri,0,0,1.4,115.1,20.6,7.5,0,4346,0,1,8620
2024-01-20,Sat,1,1,0.4,114.9,13.5,10.7,0,4339,0,1,44007
2024-01-21,Sun,1,0,0.3,114.7,19.1,8.6,0,4439,0,1,26066
2024-01-22,Mon,0,0,0.4,114.5,18.0,27.9,0,4303,0,1,8804
2024-01-23,Tue,0,0,4.5,117.5,17.8,24.7,0,4399,0,1,20168
2024-01-24,Wed,0,0,0.5,117.4,21.7,12.4,0,4389,0,1,11256
2024-01-25,Thu,0,0,8.1,123.0,21.7,22.3,0,4354,0,1,28261
2024-01-26,Fri,0,0,0.1,122.6,11.3,10.0,0,4377,0,1,7816
2024-01-27,Sat,1,0,0.2,122.3,27.1,7.3,0,4322,0,1,24659
2024-01-28,Sun,1,0,8.5,128.3,28.1,25.1,0,4318,0,1,77183
2024-01-29,Mon,0,0,4.8,130.0,20.0,25.8,0,4540,0,0,18510
2024-01-30,Tue,0,0,1.3,130.0,18.5,40.9,1,4415,0,1,6583
2024-01-31,Wed,0,0,0.6,130.0,17.8,26.3,0,4392,0,1,7425
2024-02-01,Thu,0,0,0.1,129.6,14.0,46.1,1,4380,1,1,7829
2024-02-02,Fri,0,0,0.7,129.7,10.8,14.2,0,4383,1,0,19081
2024-02-03,Sat,1,0,3.0,130.0,33.9,25.9,0,4499,0,1,45520
2024-02-04,Sun,1,0,1.0,130.0,19.2,35.0,1,4420,0,1,19743
2024-02-05,Mon,0,0,3.2,130.0,12.4,8.3,0,4320,0,1,14363
2024-02-06,Tue,0,0,0.3,129.8,22.0,5.0,0,4319,0,1,9521
2024-02-07,Wed,0,0,0.0,129.3,14.2,62.0,1,4371,0,1,8296
2024-02-08,Thu,0,0,0.0,128.9,24.5,8.9,0,4414,0,1,13485
2024-02-09,Fri,0,0,1.4,129.5,19.3,48.2,1,4359,0,1,9307
2024-02-10,Sat,1,0,0.6,129.5,20.9,14.7,0,4395,0,1,21828
2024-02-11,Sun,1,0,0.3,129.3,14.2,7.6,0,4433,0,1,29786
2024-02-12,Mon,0,0,0.1,128.9,19.2,5.0,0,4333,0,1,10450
2024-02-13,Tue,0,0,0.1,128.5,24.6,18.7,0,4312,0,0,21121
2024-02-14,Wed,0,1,0.2,128.2,21.2,18.7,0,4336,0,1,41426
2024-02-15,Thu,0,1,1.0,128.5,24.5,8.1,0,4565,0,1,37366
2024-02-16,Fri,0,1,0.2,128.2,14.3,8.7,0,4384,0,1,39420
2024-02-17,Sat,1,1,0.6,128.2,7.7,9.9,0,4362,0,1,44084
2024-02-18,Sun,1,1,0.6,128.2,31.3,15.7,0,4396,0,1,34261
2024-02-19,Mon,0,1,0.7,128.3,16.3,6.0,0,4423,0,1,37705
2024-02-20,Tue,0,1,4.1,130.0,28.3,10.1,0,4452,0,1,50112
2024-02-21,Wed,0,1,1.8,130.0,13.0,23.3,0,4385,0,1,36191
2024-02-22,Thu,0,1,0.2,129.7,12.4,10.7,0,4381,0,1,24968
2024-02-23,Fri,0,0,4.3,130.0,19.1,16.9,0,4370,0,1,19493
2024-02-24,Sat,1,0,0.0,129.6,12.0,10.8,0,4426,0,1,19090
2024-02-25,Sun,1,0,5.3,130.0,40.7,9.0,0,4390,0,0,31589
2024-02-26,Mon,0,0,2.7,130.0,25.8,34.1,1,4443,0,1,9296
2024-02-27,Tue,0,0,14.6,130.0,23.4,15.9,0,4354,0,1,30794
2024-02-28,Wed,0,0,0.1,129.6,17.5,30.7,1,4266,0,1,6391
2024-02-29,Thu,0,0,5.1,130.0,27.8,15.3,0,4362,0,1,18338
2024-03-01,Fri,0,0,0.0,129.6,15.0,20.5,0,4455,1,1,14339
2024-03-02,Sat,1,0,1.9,130.0,19.5,16.1,0,4440,0,1,41892
2024-03-03,Sun,1,0,2.8,130.0,21.3,10.5,0,4387,1,1,31495
2024-03-04,Mon,0,0,6.6,130.0,14.6,34.1,1,4316,0,1,11316
2024-03-05,Tue,0,0,3.5,130.0,26.4,33.9,1,4416,0,1,5778
2024-03-06,Wed,0,0,0.8,130.0,25.7,24.9,0,4345,1,1,9846
2024-03-07,Thu,0,0,0.1,129.6,27.8,16.6,0,4409,0,1,8090
2024-03-08,Fri,0,0,0.2,129.3,21.4,17.5,0,4369,0,1,8404
2024-03-09,Sat,1,0,0.0,128.9,13.5,27.9,0,4405,0,1,15908
2024-03-10,Sun,1,0,0.2,128.6,27.0,28.3,0,4446,0,1,18569
2024-03-11,Mon,0,0,0.1,128.2,26.9,40.9,1,4264,0,1,6149
2024-03-12,Tue,0,0,0.1,127.8,22.7,19.3,0,4407,0,1,6646
2024-03-13,Wed,0,0,0.6,127.8,15.6,14.5,0,4403,0,1,7877
2024-03-14,Thu,0,0,2.9,129.6,20.4,23.1,0,4432,0,0,17944
2024-03-15,Fri,0,0,0.0,129.1,6.1,16.5,0,4306,0,1,9117
2024-03-16,Sat,1,0,0.5,129.0,28.1,14.0,0,4330,0,1,29775
2024-03-17,Sun,1,0,0.1,128.7,18.2,21.7,0,4264,1,1,33887
2024-03-18,Mon,0,0,2.9,130.0,23.8,21.9,0,4433,0,1,10318
2024-03-19,Tue,0,0,0.0,129.6,17.4,7.0,0,4418,0,1,7250
2024-03-20,Wed,0,0,9.9,130.0,28.4,31.6,1,4490,0,1,16027
2024-03-21,Thu,0,0,5.8,130.0,18.0,21.0,0,4444,0,1,12012
2024-03-22,Fri,0,0,0.5,129.9,17.2,21.5,0,4304,0,1,6932
2024-03-23,Sat,1,0,6.4,130.0,29.7,6.9,0,4424,0,0,80982
2024-03-24,Sun,1,0,0.0,129.6,17.5,12.5,0,4414,0,1,22294
2024-03-25,Mon,0,0,0.2,129.3,26.9,15.0,0,4239,1,1,14372
2024-03-26,Tue,0,0,0.3,129.0,25.2,22.8,0,4475,0,1,10109
2024-03-27,Wed,0,0,0.1,128.7,29.2,14.6,0,4391,0,1,10465
2024-03-28,Thu,0,0,1.1,129.0,11.3,14.5,0,4393,1,1,10764
2024-03-29,Fri,0,0,0.8,129.2,23.1,16.0,0,4292,1,1,16118
2024-03-30,Sat,1,0,0.0,128.7,13.2,6.3,0,4334,0,1,20987
2024-03-31,Sun,1,0,0.1,128.4,35.5,12.0,0,4438,0,0,13338
2024-04-01,Mon,0,0,2.1,129.5,24.5,17.2,0,4318,0,1,9103
2024-04-02,Tue,0,0,5.0,130.0,29.7,22.9,0,4326,0,1,9752
2024-04-03,Wed,0,0,8.2,130.0,31.5,17.4,0,4470,0,0,12377
2024-04-04,Thu,0,0,0.2,129.7,26.4,5.8,0,4357,0,1,8996
2024-04-05,Fri,0,0,0.4,129.6,17.8,13.8,0,4378,0,1,6364
2024-04-06,Sat,1,0,0.7,129.6,22.2,13.9,0,4420,1,1,26714
2024-04-07,Sun,1,0,0.4,129.5,27.9,13.2,0,4424,0,1,17262
2024-11-29,Fri,0,0,2.3,29.3,25.8,25.1,0,4623,0,0,11161
2024-11-30,Sat,1,0,0.3,29.1,30.3,20.0,0,4722,0,1,15140
2024-12-01,Sun,1,0,0.0,28.6,13.9,9.4,0,4735,0,1,13982
2024-12-02,Mon,0,0,1.1,29.0,13.4,16.6,0,4706,0,1,9664
2024-12-03,Tue,0,0,0.0,28.5,19.8,3.6,0,4648,0,1,6705
2024-12-04,Wed,0,0,0.1,28.2,16.5,19.9,0,4737,0,1,6460
2024-12-05,Thu,0,0,0.0,27.7,21.1,21.7,0,4763,1,1,8505
2024-12-06,Fri,0,0,6.6,32.2,20.6,21.8,0,4581,0,1,20235
2024-12-07,Sat,1,0,4.9,35.4,36.5,15.9,0,4653,0,1,24606
2024-12-08,Sun,1,0,1.6,36.2,22.1,10.3,0,4729,0,0,31006
2024-12-09,Mon,0,0,0.0,35.7,27.9,11.3,0,4716,1,1,13132
2024-12-10,Tue,0,0,0.1,35.3,11.5,11.8,0,4725,1,1,8383
2024-12-11,Wed,0,0,0.4,35.2,29.4,21.0,0,4616,0,0,13871
2024-12-12,Thu,0,0,0.0,34.7,22.4,9.9,0,4567,0,1,6113
2024-12-13,Fri,0,0,0.1,34.4,22.4,14.8,0,4761,0,1,9339
2024-12-14,Sat,1,0,6.2,38.6,15.2,10.9,0,4748,0,0,64784
2024-12-15,Sun,1,0,0.1,38.2,20.4,16.9,0,4711,0,1,22589
2024-12-16,Mon,0,0,0.2,37.9,7.1,41.0,1,4582,0,1,5467
2024-12-17,Tue,0,0,12.4,46.7,18.3,22.7,0,4722,0,1,33696
2024-12-18,Wed,0,0,0.2,46.4,26.4,10.5,0,4673,0,0,9155
2024-12-19,Thu,0,0,0.3,46.2,12.2,22.5,0,4741,0,1,7513
2024-12-20,Fri,0,1,0.2,45.9,26.5,18.2,0,4750,0,1,42303
2024-12-21,Sat,1,1,0.7,46.0,19.8,13.6,0,4773,1,1,53270
2024-12-22,Sun,1,1,3.7,48.3,37.0,24.8,0,4714,0,1,50725
2024-12-23,Mon,0,1,0.6,48.3,7.2,8.2,0,4747,0,1,26475
2024-12-24,Tue,0,1,6.5,52.7,14.0,25.5,0,4615,1,0,95740
2024-12-25,Wed,0,1,0.3,52.5,19.3,30.8,1,4632,0,1,17046
2024-12-26,Thu,0,1,0.0,52.1,23.5,9.9,0,4602,0,1,34778
2024-12-27,Fri,0,1,0.4,51.9,20.0,27.7,0,4810,0,0,37109
2024-12-28,Sat,1,1,0.1,51.5,13.3,27.0,0,4610,0,1,44522
2024-12-29,Sun,1,1,4.2,54.2,28.3,27.0,0,4631,0,1,64330
2024-12-30,Mon,0,1,0.2,53.9,24.7,25.6,0,4620,0,1,35039
2024-12-31,Tue,0,1,0.8,54.1,30.9,3.2,0,4706,0,1,26465
2025-01-01,Wed,0,1,0.7,54.2,12.6,11.3,0,4686,0,1,35520
2025-01-02,Thu,0,1,0.0,53.7,17.5,21.5,0,4664,1,1,37380
2025-01-03,Fri,0,0,0.1,53.3,16.8,24.9,0,4752,0,1,9493
2025-01-04,Sat,1,0,1.2,53.8,17.1,23.7,0,4644,0,0,46431
2025-01-05,Sun,1,0,5.0,57.1,24.2,17.4,0,4721,0,1,48877
2025-01-06,Mon,0,0,8.8,63.2,13.2,27.9,0,4728,0,1,31208
2025-01-07,Tue,0,0,0.0,62.8,15.8,10.6,0,4709,0,1,9897
2025-01-08,Wed,0,0,1.5,63.5,22.7,21.2,0,4727,0,1,11228
2025-01-09,Thu,0,0,4.2,66.2,18.9,7.2,0,4655,0,1,15737
2025-01-10,Fri,0,0,2.3,67.4,33.9,8.5,0,4643,0,1,7956
2025-01-11,Sat,1,0,0.0,67.0,12.0,4.3,0,4751,1,1,31056
2025-01-12,Sun,1,0,0.1,66.6,19.8,9.4,0,4687,0,0,37270
2025-01-13,Mon,0,1,0.2,66.3,19.4,22.3,0,4701,1,1,32114
2025-01-14,Tue,0,0,0.5,66.2,17.6,6.7,0,4668,0,1,15086
2025-01-15,Wed,0,0,0.2,65.9,8.3,19.6,0,4657,0,1,14703
2025-01-16,Thu,0,0,1.8,66.8,24.8,8.1,0,4721,0,1,13455
2025-01-17,Fri,0,0,1.1,67.2,15.8,26.5,0,4645,1,1,18037
2025-01-18,Sat,1,1,0.2,66.9,24.5,12.8,0,4613,0,1,43590
2025-01-19,Sun,1,1,8.6,72.9,18.2,10.5,0,4761,0,1,144771
2025-01-20,Mon,0,1,3.2,74.9,27.3,17.2,0,4655,0,1,64414
2025-01-21,Tue,0,0,0.3,74.6,21.3,41.6,1,4685,0,1,6604
2025-01-22,Wed,0,0,6.5,79.1,22.8,25.6,0,4699,0,1,37684
2025-01-23,Thu,0,0,0.1,78.7,23.5,7.7,0,4696,0,1,10447
2025-01-24,Fri,0,0,0.1,78.3,11.2,10.3,0,4638,0,1,9944
2025-01-25,Sat,1,0,10.9,86.0,18.6,14.5,0,4612,1,0,103759
2025-01-26,Sun,1,0,0.2,85.7,18.1,22.7,0,4593,0,1,27292
2025-01-27,Mon,0,0,0.7,85.8,14.3,23.7,0,4771,0,1,10695
2025-01-28,Tue,0,0,4.1,88.4,15.3,18.3,0,4694,1,1,24198
2025-01-29,Wed,0,0,0.5,88.4,15.1,13.5,0,4642,0,1,8617
2025-01-30,Thu,0,0,0.0,87.9,19.7,16.2,0,4627,0,1,11632
2025-01-31,Fri,0,0,3.6,90.2,10.6,7.5,0,4753,0,1,17064
2025-02-01,Sat,1,0,0.0,89.7,19.9,7.1,0,4754,0,1,29738
2025-02-02,Sun,1,0,3.3,91.7,33.2,14.0,0,4725,0,1,37389
2025-02-03,Mon,0,0,0.1,91.4,15.1,16.4,0,4685,0,1,11785
2025-02-04,Tue,0,0,0.4,91.2,15.7,21.2,0,4593,0,1,9437
2025-02-05,Wed,0,0,0.0,90.8,33.3,16.0,0,4594,0,1,8178
2025-02-06,Thu,0,0,0.0,90.3,17.6,8.5,0,4647,1,0,23281
2025-02-07,Fri,0,0,0.2,90.0,12.3,15.6,0,4789,0,1,10614
2025-02-08,Sat,1,0,2.9,91.7,35.3,28.6,0,4477,0,1,19592
2025-02-09,Sun,1,0,0.2,91.4,8.8,6.7,0,4694,0,1,22545
2025-02-10,Mon,0,0,0.7,91.5,31.6,18.8,0,4739,0,1,9961
2025-02-11,Tue,0,0,0.0,91.1,15.5,13.2,0,4756,0,1,12394
2025-02-12,Wed,0,0,0.9,91.3,20.5,25.0,0,4760,1,1,20342
2025-02-13,Thu,0,0,0.3,91.1,18.7,8.8,0,4703,0,1,11856
2025-02-14,Fri,0,1,0.1,90.7,14.2,26.3,0,4781,0,1,45318
2025-02-15,Sat,1,1,0.6,90.7,22.3,8.5,0,4713,0,1,48628
2025-02-16,Sun,1,1,0.0,90.2,21.6,4.6,0,4773,0,1,52571
2025-02-17,Mon,0,1,5.9,94.2,16.1,20.9,0,4640,0,0,63821
2025-02-18,Tue,0,1,0.2,93.9,30.6,13.3,0,4595,0,0,30223
2025-02-19,Wed,0,1,5.3,97.4,29.9,8.8,0,4641,0,0,67640
2025-02-20,Thu,0,1,0.0,97.0,27.7,19.5,0,4700,0,1,38253
2025-02-21,Fri,0,1,6.4,101.3,27.6,26.1,0,4600,0,1,85343
2025-02-22,Sat,1,1,1.7,102.2,17.7,10.3,0,4677,0,1,70648
2025-02-23,Sun,1,0,0.4,102.0,21.2,8.7,0,4623,0,0,29205
2025-02-24,Mon,0,0,1.0,102.3,25.7,8.8,0,4640,0,1,17699
2025-02-25,Tue,0,0,0.0,101.9,20.2,17.1,0,4531,0,1,9046
2025-02-26,Wed,0,0,0.6,101.9,11.1,29.4,0,4788,1,1,17177
2025-02-27,Thu,0,0,0.9,102.1,11.1,7.3,0,4713,0,1,9713
2025-02-28,Fri,0,0,1.4,102.7,18.5,10.7,0,4706,0,1,15011
2025-03-01,Sat,1,0,4.9,105.9,13.0,21.0,0,4767,1,1,48743
2025-03-02,Sun,1,0,3.0,107.7,22.2,21.7,0,4631,1,1,49214
2025-03-03,Mon,0,0,0.0,107.3,19.5,22.8,0,4713,0,1,7814
2025-03-04,Tue,0,0,5.0,110.6,28.5,4.5,0,4727,0,1,20008
2025-03-05,Wed,0,0,0.2,110.3,17.6,14.6,0,4661,0,1,8750
2025-03-06,Thu,0,0,0.2,110.0,17.9,36.0,1,4739,0,1,6013
2025-03-07,Fri,0,0,1.6,110.7,23.9,49.1,1,4640,0,1,6078
2025-03-08,Sat,1,0,10.5,118.1,16.8,17.3,0,4656,1,1,81653
2025-03-09,Sun,1,0,4.7,121.2,32.0,12.4,0,4747,0,0,30035
2025-03-10,Mon,0,0,0.4,121.1,20.7,18.5,0,4591,0,0,14331
2025-03-11,Tue,0,0,0.9,121.3,32.7,31.1,1,4679,0,0,9164
2025-03-12,Wed,0,0,8.0,126.8,19.1,30.1,1,4595,0,1,11324
2025-03-13,Thu,0,0,0.1,126.5,18.5,6.7,0,4727,0,1,11725
2025-03-14,Fri,0,0,0.2,126.2,22.1,28.4,0,4715,0,1,7640
2025-03-15,Sat,1,0,0.7,126.2,27.3,19.4,0,4644,0,0,29388
2025-03-16,Sun,1,0,4.9,129.5,25.7,10.2,0,4568,0,1,37865
2025-03-17,Mon,0,0,1.9,130.0,20.9,3.8,0,4728,0,1,12703
2025-03-18,Tue,0,0,1.5,130.0,21.4,18.9,0,4796,0,1,13474
2025-03-19,Wed,0,0,2.4,130.0,40.2,25.2,0,4622,0,1,6131
2025-03-20,Thu,0,0,0.1,129.6,27.5,9.0,0,4675,1,1,11381
2025-03-21,Fri,0,0,0.8,129.8,24.2,5.6,0,4767,0,0,11443
2025-03-22,Sat,1,0,4.0,130.0,21.2,28.4,0,4678,0,1,33108
2025-03-23,Sun,1,0,0.0,129.6,33.1,8.1,0,4558,0,0,19127
2025-03-24,Mon,0,0,1.1,129.9,27.5,12.9,0,4629,0,0,14766
2025-03-25,Tue,0,0,2.4,130.0,18.1,23.1,0,4624,0,1,10912
2025-03-26,Wed,0,0,0.2,129.7,28.0,10.6,0,4615,0,1,8988
2025-03-27,Thu,0,0,4.3,130.0,23.4,23.7,0,4679,0,1,13245
2025-03-28,Fri,0,0,0.5,129.9,13.7,22.7,0,4671,0,1,7249
2025-03-29,Sat,1,0,0.1,129.6,24.4,23.7,0,4604,0,1,30122
2025-03-30,Sun,1,0,8.6,130.0,19.1,8.4,0,4808,0,1,63504
2025-03-31,Mon,0,0,0.5,129.9,17.4,10.9,0,4630,0,1,8167
2025-04-01,Tue,0,0,0.1,129.6,17.6,42.6,1,4784,1,1,10227
2025-04-02,Wed,0,0,0.0,129.1,22.0,8.4,0,4702,0,1,5437
2025-04-03,Thu,0,0,0.7,129.2,18.6,16.8,0,4777,1,0,15196
2025-04-04,Fri,0,0,0.4,129.0,19.5,27.0,0,4684,0,1,9740
2025-04-05,Sat,1,0,6.0,130.0,38.8,17.7,0,4715,1,1,42848
2025-04-06,Sun,1,0,0.1,129.6,21.2,3.2,0,4778,0,1,20459
2025-04-07,Mon,0,0,0.3,129.4,27.8,14.0,0,4678,0,1,8909
2025-04-08,Tue,0,0,0.4,129.3,24.8,4.3,0,4700,0,1,8488
2025-04-09,Wed,0,0,7.0,130.0,35.9,33.0,1,4673,0,1,5889
2025-04-10,Thu,0,0,0.0,129.6,27.8,35.6,1,4649,0,1,6043
2025-04-11,Fri,0,0,1.7,130.0,25.9,22.6,0,4777,0,1,8893
2025-04-12,Sat,1,0,0.5,129.9,13.0,18.1,0,4630,0,0,11337
2025-04-13,Sun,1,0,0.0,129.5,26.8,19.1,0,4733,0,1,18711
